625,576,728,678,728,624,652,565,663,664,615,664,614,615,566,665,666,平静
652,565,663,664,615,664,614,615,566,665,666,565,716,616,670,567,670,569,平静
614,615,566,665,666,565,716,616,670,567,670,569,670,670,677,669,613,平静
716,616,670,567,670,569,670,670,677,669,613,616,613,617,666,667,670,平静
670,670,677,669,613,616,613,617,666,667,670,620,674,567,672,621,663,平静
613,617,666,667,670,620,674,567,672,621,663,667,616,563,618,623,672,平静
674,567,672,621,663,667,616,563,618,623,672,618,718,665,667,622,719,平静
616,563,618,623,672,618,718,665,667,622,719,667,673,720,622,619,620,平静
718,665,667,622,719,667,673,720,622,619,620,620,673,675,726,624,675,平静
673,720,622,619,620,620,673,675,726,624,675,623,625,724,622,730,622,平静
675,621,675,624,624,728,625,624,672,673,623,614,673,621,726,626,674,平静
673,675,726,624,675,623,625,724,622,730,622,618,622,570,675,622,676,平静
625,724,622,730,622,618,622,570,675,622,676,615,620,619,673,621,673,平静
622,570,675,622,676,615,620,619,673,621,673,674,572,677,572,669,622,568,平静
620,619,673,621,673,674,572,677,572,669,622,568,673,569,624,518,572,625,平静
572,677,572,669,622,568,673,569,624,518,572,625,570,571,675,573,572,624,平静
673,569,624,518,572,625,570,571,675,573,572,624,573,568,564,619,672,569,平静
570,571,675,573,572,624,573,568,564,619,672,569,620,572,621,568,624,619,平静
623,572,623,573,572,674,573,675,623,677,676,624,625,615,565,670,623,673,平静
573,675,623,677,676,624,625,615,565,670,623,673,570,597,571,620,568,618,平静
569,675,573,673,571,625,675,622,624,572,572,624,624,621,727,624,728,572,平静
625,624,672,673,623,614,673,621,726,626,674,676,572,676,572,572,677,平静
675,622,624,572,572,624,624,621,727,624,728,572,627,624,572,625,675,624,平静
676,620,720,673,675,727,572,676,572,571,624,674,675,676,624,674,621,平静
572,676,572,571,624,674,675,676,624,674,621,729,676,676,729,676,728,平静
675,676,624,674,621,729,676,676,729,676,728,573,624,680,573,727,624,平静
570,674,572,623,624,623,623,675,676,676,572,625,624,622,625,676,572,677,平静
623,675,676,676,572,625,624,622,625,676,572,677,624,624,676,625,624,平静
624,622,625,676,572,677,624,624,676,625,624,676,573,572,676,573,676,624,平静
624,624,676,625,624,676,573,572,676,573,676,624,625,624,650,625,624,平静
573,572,676,573,676,624,625,624,650,625,624,676,572,624,623,623,625,621,平静
625,624,650,625,624,676,572,624,623,623,625,621,623,625,572,623,676,676,平静
673,621,726,626,674,676,572,676,572,572,677,623,620,620,568,676,623,平静
572,624,623,623,625,621,623,625,572,623,676,676,676,677,624,622,624,平静
623,625,572,623,676,676,676,677,624,622,624,676,624,624,729,624,572,平静
676,677,624,622,624,676,624,624,729,624,572,625,624,623,677,624,728,平静
624,624,729,624,572,625,624,623,677,624,728,573,572,624,572,521,624,572,平静
624,623,677,624,728,573,572,624,572,521,624,572,573,572,572,676,677,676,平静
572,624,572,521,624,572,573,572,572,676,677,676,728,626,676,624,729,728,平静
573,572,572,676,677,676,728,626,676,624,729,728,676,729,624,624,729,平静
728,626,676,624,729,728,676,729,624,624,729,728,781,676,728,625,平静
676,729,624,624,729,728,781,676,728,625,624,728,625,676,728,677,平静
781,676,728,625,624,728,625,676,728,677,676,624,729,676,676,731,平静
572,676,572,572,677,623,620,620,568,676,623,727,676,623,676,623,573,平静
728,625,676,728,677,676,624,729,676,676,731,676,676,625,676,728,平静
676,624,729,676,676,731,676,676,625,676,728,677,728,624,677,728,平静
676,676,625,676,728,677,728,624,677,728,676,729,572,624,625,624,624,平静
728,624,677,728,676,729,572,624,625,624,624,728,677,676,624,677,676,平静
729,572,624,625,624,624,728,677,676,624,677,676,624,729,676,572,625,平静
728,677,676,624,677,676,624,729,676,572,625,624,572,677,572,676,625,平静
624,729,676,572,625,624,572,677,572,676,625,572,624,572,625,676,676,平静
572,677,572,676,625,572,624,572,625,676,676,729,624,676,677,676,728,平静
624,572,625,676,676,729,624,676,677,676,728,625,624,676,651,624,676,平静
624,676,677,676,728,625,624,676,651,624,676,677,572,624,677,624,676,平静
620,620,568,676,623,727,676,623,676,623,573,676,624,676,678,624,727,平静
624,676,651,624,676,677,572,624,677,624,676,677,624,728,677,728,624,平静
572,624,677,624,676,677,624,728,677,728,624,681,676,676,625,676,572,平静
624,728,677,728,624,681,676,676,625,676,572,676,626,676,676,625,624,平静
676,676,625,676,572,676,626,676,676,625,624,676,625,676,624,627,624,平静
626,676,676,625,624,676,625,676,624,627,624,624,625,676,624,625,572,平静
625,676,624,627,624,624,625,676,624,625,572,624,676,625,572,676,573,572,平静
625,676,624,625,572,624,676,625,572,676,573,572,676,625,676,624,625,平静
676,625,572,676,573,572,676,625,676,624,625,728,624,677,624,624,729,平静
676,677,676,624,677,624,728,625,572,676,573,624,728,677,676,572,625,平静
728,625,572,676,573,624,728,677,676,572,625,676,624,624,677,572,676,平静
676,623,676,623,573,676,624,676,678,624,727,625,624,624,573,676,624,平静
728,677,676,572,625,676,624,624,677,572,676,573,624,624,677,572,676,平静
676,624,624,573,624,676,625,676,676,625,676,572,625,676,624,627,676,平静
625,676,676,625,676,572,625,676,624,627,676,624,729,624,624,676,652,平静
624,676,625,624,676,625,728,624,625,676,624,624,677,676,676,625,572,平静
728,624,625,676,624,624,677,676,676,625,572,676,628,676,676,677,676,平静
624,680,625,624,676,625,676,676,624,625,624,676,625,624,728,573,624,平静
676,676,624,625,624,676,625,624,728,573,624,676,625,728,572,625,676,平静
625,624,728,573,624,676,625,728,572,625,676,624,625,676,572,729,624,平静
624,676,678,624,727,625,624,624,573,676,624,625,671,616,623,569,623,平静
624,624,573,676,624,625,671,616,623,569,623,571,573,675,624,573,675,622,平静
671,616,623,569,623,571,573,675,624,573,675,622,574,676,572,729,624,624,平静
573,675,624,573,675,622,574,676,572,729,624,624,677,572,624,623,625,676,平静
572,616,619,622,570,670,568,570,622,571,675,571,571,624,511,614,511,615,564,平静
574,676,572,729,624,624,677,572,624,623,625,676,624,573,672,620,625,623,平静
677,572,624,623,625,676,624,573,672,620,625,623,624,729,676,726,679,平静
624,573,672,620,625,623,624,729,676,726,679,624,624,625,624,676,624,平静
624,729,676,726,679,624,624,625,624,676,624,666,562,667,568,668,718,平静
624,624,625,624,676,624,666,562,667,568,668,718,619,645,619,676,563,平静
666,562,667,568,668,718,619,645,619,676,563,666,615,618,566,673,565,617,平静
619,645,619,676,563,666,615,618,566,673,565,617,619,621,566,617,621,618,平静
615,618,566,673,565,617,619,621,566,617,621,618,517,621,621,571,624,572,平静
621,566,617,621,618,517,621,621,571,624,572,624,622,625,571,676,572,572,平静
621,621,571,624,572,624,622,625,571,676,572,572,674,572,677,572,569,632,平静
568,570,622,571,675,571,571,624,511,614,511,615,564,566,570,621,674,613,667,平静
622,625,571,676,572,572,674,572,677,572,569,632,617,569,676,625,676,572,平静
674,572,677,572,569,632,617,569,676,625,676,572,572,672,572,673,571,572,平静
617,569,676,625,676,572,572,672,572,673,571,572,624,573,571,624,573,624,平静
572,672,572,673,571,572,624,573,571,624,573,624,624,571,668,571,570,623,平静
624,573,571,624,573,624,624,571,668,571,570,623,622,672,570,571,623,573,平静
624,571,668,571,570,623,622,672,570,571,623,573,622,572,572,623,572,624,平静
622,672,570,571,623,573,622,572,572,623,572,624,677,624,676,573,570,676,平静
622,572,572,623,572,624,677,624,676,573,570,676,624,625,624,571,572,622,平静
677,624,676,573,570,676,624,625,624,571,572,622,624,624,624,571,624,572,平静
624,625,624,571,572,622,624,624,624,571,624,572,572,676,573,624,624,573,平静
571,624,511,614,511,615,564,566,570,621,674,613,667,647,622,618,667,671,平静
624,624,624,571,624,572,572,676,573,624,624,573,676,571,572,625,572,572,平静
572,676,573,624,624,573,676,571,572,625,572,572,625,572,624,625,520,572,平静
676,571,572,625,572,572,625,572,624,625,520,572,623,572,623,622,573,624,平静
625,572,624,625,520,572,623,572,623,622,573,624,624,572,677,572,624,625,平静
623,572,623,622,573,624,624,572,677,572,624,625,572,676,573,572,675,677,平静
624,572,677,572,624,625,572,676,573,572,675,677,676,621,623,621,675,平静
572,676,573,572,675,677,676,621,623,621,675,728,625,624,649,675,623,平静
676,621,623,621,675,728,625,624,649,675,623,676,573,622,676,625,676,平静
625,624,649,675,623,676,573,622,676,625,676,624,573,676,624,676,625,平静
776,782,672,726,673,622,673,675,623,620,675,571,623,677,621,620,675,平静
564,566,570,621,674,613,667,647,622,618,667,671,618,667,619,617,617,672,平静
622,673,675,623,620,675,571,623,677,621,620,675,676,624,573,676,622,平静
571,623,677,621,620,675,676,624,573,676,622,622,624,624,676,625,624,平静
676,624,573,676,622,622,624,624,676,625,624,676,572,671,622,675,623,平静
624,624,676,625,624,676,572,671,622,675,623,623,677,572,675,573,623,平静
572,671,622,675,623,623,677,572,675,573,623,621,571,521,624,572,573,572,平静
677,572,675,573,623,621,571,521,624,572,573,572,572,624,573,571,676,729,平静
571,521,624,572,573,572,572,624,573,571,676,729,728,676,624,728,676,729,平静
572,624,573,571,676,729,728,676,624,728,676,729,676,624,677,676,676,平静
728,676,624,728,676,729,676,624,677,676,676,677,728,728,677,676,平静
832,624,885,728,625,830,780,780,727,728,677,674,729,832,884,平静
667,647,622,618,667,671,618,667,619,617,617,672,675,675,675,675,620,平静
830,780,780,727,728,677,674,729,832,884,781,780,676,729,624,平静
677,674,729,832,884,781,780,676,729,624,676,625,624,728,729,平静
781,780,676,729,624,676,625,624,728,729,676,676,729,624,728,729,平静
676,625,624,728,729,676,676,729,624,728,729,676,729,624,624,676,平静
676,729,624,728,729,676,729,624,624,676,573,676,623,625,624,676,625,平静
676,729,624,624,676,573,676,623,625,624,676,625,624,624,625,572,572,平静
624,624,624,624,624,624,573,624,572,625,572,572,676,677,624,676,576,572,平静
573,624,572,625,572,572,676,677,624,676,576,572,676,573,676,624,625,676,平静
676,677,624,676,576,572,676,573,676,624,625,676,572,625,624,572,614,564,平静
676,573,676,624,625,676,572,625,624,572,614,564,668,670,775,673,723,平静
618,667,619,617,617,672,675,675,675,675,620,573,519,776,676,571,571,平静
572,614,564,668,670,775,673,723,622,673,623,623,623,620,676,674,675,平静
673,723,622,673,623,623,623,620,676,674,675,677,676,572,624,676,624,平静
623,620,676,674,675,677,676,572,624,676,624,625,672,617,664,592,666,平静
676,572,624,676,624,625,672,617,664,592,666,616,672,619,670,621,570,平静
672,617,664,592,666,616,672,619,670,621,570,672,623,675,621,676,620,平静
672,619,670,621,570,672,623,675,621,676,620,614,562,667,570,668,621,平静
623,675,621,676,620,614,562,667,570,668,621,674,571,623,624,613,673,619,平静
562,667,570,668,621,674,571,623,624,613,673,619,622,573,622,564,569,622,平静
613,673,619,622,573,622,564,569,622,624,671,568,622,618,724,620,621,728,平静
564,569,622,624,671,568,622,618,724,620,621,728,571,675,569,573,623,569,平静
675,675,675,675,620,573,519,776,676,571,571,670,678,674,623,573,674,平静
622,618,724,620,621,728,571,675,569,573,623,569,680,571,621,624,571,624,平静
571,675,569,573,623,569,680,571,621,624,571,624,676,673,727,622,677,571,平静
680,571,621,624,571,624,676,673,727,622,677,571,572,625,624,620,623,621,平静
676,673,727,622,677,571,572,625,624,620,623,621,622,573,676,572,623,平静
572,625,624,620,623,621,622,573,676,572,623,677,676,676,626,619,674,573,平静
622,573,676,572,623,677,676,676,626,619,674,573,676,622,624,674,624,平静
676,676,626,619,674,573,676,622,624,674,624,677,624,572,624,624,572,平静
624,677,572,572,624,573,572,623,598,520,572,572,625,624,572,573,675,623,平静
572,623,598,520,572,572,625,624,572,573,675,623,625,623,624,732,624,676,平静
625,624,572,573,675,623,625,623,624,732,624,676,729,624,675,625,624,平静
519,776,676,571,571,670,678,674,623,573,674,671,675,621,675,624,624,平静
625,623,624,732,624,676,729,624,675,625,624,728,677,780,676,573,676,平静
572,729,624,728,678,624,676,624,677,676,624,677,624,676,781,728,平静
624,677,676,624,677,624,676,781,728,825,669,674,675,728,727,781,平静
676,781,728,825,669,674,675,728,727,781,676,728,626,676,728,平静
674,675,728,727,781,676,728,626,676,728,677,728,676,677,676,624,平静
676,728,626,676,728,677,728,676,677,676,624,677,676,676,729,676,平静
676,620,619,622,622,677,624,622,571,677,676,673,729,624,624,676,571,平静
624,622,571,677,676,673,729,624,624,676,571,676,573,624,676,624,572,平静
729,624,624,676,571,676,573,624,676,624,572,624,625,576,728,678,728,平静
573,624,676,624,572,624,625,576,728,678,728,624,652,565,663,664,615,平静
678,674,623,573,674,671,675,621,675,624,624,728,625,624,672,673,623,平静
667,666,612,613,669,615,666,618,614,671,615,668,669,625,615,667,669,平静
666,618,614,671,615,668,669,625,615,667,669,674,673,624,667,669,669,平静
669,625,615,667,669,674,673,624,667,669,669,620,673,676,622,622,677,平静
673,624,667,669,669,620,673,676,622,622,677,621,715,673,717,670,619,平静
673,676,622,622,677,621,715,673,717,670,619,567,623,622,674,620,621,平静
715,673,717,670,619,567,623,622,674,620,621,624,622,572,675,672,720,平静
623,622,674,620,621,624,622,572,675,672,720,673,725,568,571,623,674,平静
622,572,675,672,720,673,725,568,571,623,674,676,674,676,677,623,676,平静
725,568,571,623,674,676,674,676,677,623,676,623,625,624,676,624,676,平静
572,622,615,669,619,675,620,571,624,622,622,675,675,624,675,623,623,600,平静
832,728,771,667,669,672,724,725,779,725,701,727,675,677,624,572,平静
620,571,624,622,622,675,675,624,675,623,623,600,623,624,676,624,676,平静
675,624,675,623,623,600,623,624,676,624,676,624,625,624,674,669,726,平静
623,624,676,624,676,624,625,624,674,669,726,673,676,674,623,626,676,平静
625,624,674,669,726,673,676,674,623,626,676,676,625,572,624,625,676,平静
676,674,623,626,676,676,625,572,624,625,676,619,665,717,666,614,618,平静
625,572,624,625,676,619,665,717,666,614,618,617,619,620,621,619,666,561,平静
665,717,666,614,618,617,619,620,621,619,666,561,614,668,619,619,613,566,平静
619,620,621,619,666,561,614,668,619,619,613,566,617,570,616,566,617,566,平静
614,668,619,619,613,566,617,570,616,566,617,566,618,618,672,624,622,570,平静
617,570,616,566,617,566,618,618,672,624,622,570,622,624,622,621,624,622,平静
672,724,725,779,725,701,727,675,677,624,572,624,625,624,572,625,568,平静
618,618,672,624,622,570,622,624,622,621,624,622,622,568,624,624,675,619,平静
621,624,622,622,568,624,624,675,619,621,623,624,624,625,624,624,570,571,平静
624,675,619,621,623,624,624,625,624,624,570,571,570,623,624,572,624,625,平静
624,625,624,624,570,571,570,623,624,572,624,625,624,572,624,625,622,617,平静
570,623,624,572,624,625,624,572,624,625,622,617,622,623,572,570,620,622,平静
624,572,624,625,622,617,622,623,572,570,620,622,571,625,624,570,640,624,平静
622,623,572,570,620,622,571,625,624,570,640,624,622,625,624,676,624,624,平静
571,625,624,570,640,624,622,625,624,676,624,624,624,620,623,572,623,625,平静
623,573,624,624,625,624,624,573,622,520,656,572,624,572,573,624,572,572,平静
624,573,622,520,656,572,624,572,573,624,572,572,625,619,624,571,621,676,平静
701,727,675,677,624,572,624,625,624,572,625,568,620,624,571,623,571,623,平静
624,572,573,624,572,572,625,619,624,571,621,676,624,572,624,623,625,622,平静
625,619,624,571,621,676,624,572,624,623,625,622,623,625,674,675,624,平静
624,572,624,623,625,622,623,625,674,675,624,728,520,676,727,621,674,平静
676,727,621,674,674,673,625,621,618,677,623,676,623,624,622,676,625,平静
625,621,618,677,623,676,623,624,622,676,625,674,676,625,572,624,573,平静
679,724,676,670,674,623,676,622,623,625,672,622,625,676,624,674,621,平静
623,676,622,623,625,672,622,625,676,624,674,621,675,624,572,624,624,平静
622,625,676,624,674,621,675,624,572,624,624,675,621,676,677,624,624,平静
675,624,572,624,624,675,621,676,677,624,624,625,676,621,674,675,624,平静
621,676,677,624,624,625,676,621,674,675,624,625,572,624,625,624,572,572,平静
624,625,624,572,625,568,620,624,571,623,571,623,570,570,569,568,566,569,621,平静
676,621,674,675,624,625,572,624,625,624,572,572,568,569,624,573,572,624,平静
572,624,625,624,572,572,568,569,624,573,572,624,572,625,676,676,677,676,平静
568,569,624,573,572,624,572,625,676,676,677,676,728,677,728,728,677,平静
572,625,676,676,677,676,728,677,728,728,677,676,683,625,728,624,平静
728,677,728,728,677,676,683,625,728,624,729,728,677,676,676,平静
674,623,625,572,624,518,625,676,572,626,571,624,625,624,676,623,570,571,平静
625,676,572,626,571,624,625,624,676,623,570,571,570,625,572,622,573,624,平静
625,572,676,625,624,572,624,573,572,572,573,624,676,781,728,676,729,平静
624,573,572,572,573,624,676,781,728,676,729,728,728,625,676,624,677,平静
676,781,728,676,729,728,728,625,676,624,677,624,624,521,624,624,676,平静
620,624,571,623,571,623,570,570,569,568,566,569,621,615,618,672,668,666,平静
728,728,625,676,624,677,624,624,521,624,624,676,625,624,624,729,520,平静
570,570,569,568,566,569,621,615,618,672,668,666,617,666,615,668,665,666,平静
621,615,618,672,668,666,617,666,615,668,665,666,616,614,628,667,715,平静
617,666,615,668,665,666,616,614,628,667,715,664,667,666,612,613,669,平静
616,614,628,667,715,664,667,666,612,613,669,615,666,618,614,671,615,平静
676,624,625,624,676,625,676,676,625,624,676,677,728,572,677,728,676,悲伤
676,677,624,572,626,624,624,625,572,572,625,572,624,520,573,572,624,573,悲伤
624,625,572,572,625,572,624,520,573,572,624,573,624,572,572,573,572,520,677,悲伤
520,676,625,728,572,573,572,728,625,676,572,676,677,676,676,625,624,悲伤
572,728,625,676,572,676,677,676,676,625,624,624,677,676,676,625,624,悲伤
625,676,728,625,624,676,677,624,624,625,624,624,624,678,676,572,625,悲伤
572,728,625,572,728,624,625,676,624,574,624,624,677,624,624,625,624,悲伤
676,624,574,624,624,677,624,624,625,624,728,573,624,624,572,625,676,悲伤
625,624,728,573,624,624,572,625,676,676,625,676,624,625,624,624,679,悲伤
572,625,676,624,573,676,572,676,624,624,651,676,624,625,728,624,677,悲伤
625,624,676,573,676,572,626,728,624,572,625,624,572,625,624,624,625,676,悲伤
626,728,624,572,625,624,572,625,624,624,625,676,728,625,728,624,573,悲伤
572,625,624,624,625,676,728,625,728,624,573,676,624,624,625,624,676,悲伤
520,729,624,676,677,572,676,677,676,572,573,676,676,677,624,624,624,悲伤
676,677,676,572,573,676,676,677,624,624,624,625,676,572,625,676,624,悲伤
676,677,624,624,624,625,676,572,625,676,624,625,624,728,悲伤
521,624,624,677,624,572,574,728,676,572,677,624,728,625,676,624,677,悲伤
574,728,676,572,677,624,728,625,676,624,677,676,624,677,624,572,625,悲伤
728,625,676,624,677,676,624,677,624,572,625,624,572,677,676,624,572,悲伤
624,677,624,572,625,624,572,677,676,624,572,677,676,624,625,624,572,677,悲伤
729,624,624,676,625,674,564,571,623,624,625,572,572,624,573,520,571,521,悲伤
564,571,623,624,625,572,572,624,573,520,571,521,520,572,520,521,467,572,572,521,悲伤
572,624,573,520,571,521,520,572,520,521,467,572,572,521,675,728,703,727,623,悲伤
572,572,521,675,728,703,727,623,625,676,624,885,884,677,676,728,悲伤
727,623,625,676,624,885,884,677,676,728,781,780,676,677,728,悲伤
884,677,676,728,781,780,676,677,728,728,937,676,729,780,780,悲伤
780,780,625,676,624,729,624,676,625,676,676,573,572,624,625,624,780,悲伤
729,624,676,625,676,676,573,572,624,625,624,780,781,728,676,729,624,悲伤
833,624,728,677,676,624,677,884,780,729,676,728,781,832,677,悲伤
624,677,884,780,729,676,728,781,832,677,676,728,781,884,728,悲伤
676,728,781,832,677,676,728,781,884,728,729,728,833,676,676,悲伤
676,728,781,884,728,729,728,833,676,676,729,728,676,677,780,悲伤
729,728,833,676,676,729,728,676,677,780,780,729,728,624,625,悲伤
624,625,676,676,731,624,676,625,728,624,521,676,572,676,677,624,624,悲伤
676,572,676,677,624,624,677,676,676,625,624,676,625,676,624,573,624,悲伤
677,676,676,625,624,676,625,676,624,573,624,572,624,625,624,624,625,悲伤
625,676,624,573,624,572,624,625,624,624,625,676,676,573,676,676,600,悲伤
624,625,624,624,625,676,676,573,676,676,600,676,572,677,572,676,624,悲伤
676,573,676,676,600,676,572,677,572,676,624,625,572,676,677,728,520,悲伤
572,677,572,676,624,625,572,676,677,728,520,625,624,676,625,624,624,625,悲伤
625,624,676,625,624,624,625,676,624,624,677,676,676,625,624,624,677,悲伤
625,676,624,624,677,676,676,625,624,624,677,676,676,626,676,676,677,悲伤
677,676,572,677,676,676,625,624,624,624,625,676,624,625,624,676,677,悲伤
625,624,624,624,625,676,624,625,624,676,677,676,624,677,624,676,677,悲伤
624,625,624,676,677,676,624,677,624,676,677,624,728,625,624,676,677,悲伤
624,677,624,676,677,624,728,625,624,676,677,676,676,677,676,624,729,悲伤
728,625,624,676,677,676,676,677,676,624,729,624,676,677,572,676,625,悲伤
677,676,624,729,624,676,677,572,676,625,676,676,624,677,676,676,729,悲伤
677,572,676,625,676,676,624,677,676,676,729,676,624,677,624,676,625,悲伤
624,677,676,676,729,676,624,677,624,676,625,624,676,679,676,728,677,悲伤
624,677,624,676,625,624,676,679,676,728,677,676,624,625,624,624,573,悲伤
624,677,624,624,624,625,728,624,573,728,624,677,624,520,625,624,520,572,悲伤
676,624,729,572,572,676,573,624,676,677,624,676,677,728,676,729,572,悲伤
728,624,573,728,624,677,624,520,625,624,520,572,521,572,572,573,520,572,468,悲伤
624,520,625,624,520,572,521,572,572,573,520,572,468,625,572,572,571,545,悲伤
624,624,625,572,676,572,677,572,572,625,624,624,625,572,572,624,573,624,悲伤
572,572,572,573,676,572,625,624,624,679,520,676,625,572,624,676,573,676,悲伤
780,729,624,676,677,676,624,625,624,676,677,572,676,677,728,624,677,悲伤
676,624,625,624,676,677,572,676,677,728,624,677,728,676,728,676,624,悲伤
676,624,677,676,624,677,624,676,625,624,572,625,624,572,677,624,728,悲伤
676,624,729,624,624,625,624,572,573,572,520,624,625,572,624,573,676,572,悲伤
624,572,573,572,520,624,625,572,624,573,676,572,625,624,572,572,651,572,悲伤
677,728,677,624,624,624,625,728,520,625,624,624,625,676,572,625,728,悲伤
573,624,676,677,624,676,677,728,676,729,572,624,677,624,624,677,572,悲伤
625,728,520,625,624,624,625,676,572,625,728,676,729,624,572,676,573,悲伤
676,521,572,624,520,625,572,624,573,624,624,572,628,572,624,625,624,572,悲伤
572,624,573,624,624,572,628,572,624,625,624,572,625,572,572,676,573,572,悲伤
628,572,624,625,624,572,625,572,572,676,573,572,676,573,572,624,625,676,悲伤
625,572,572,676,573,572,676,573,572,624,625,676,572,624,625,624,624,678,悲伤
676,573,572,624,625,676,572,624,625,624,624,678,624,624,625,572,676,573,悲伤
624,572,547,572,572,625,520,624,572,625,624,624,573,624,572,624,625,572,572,悲伤
520,624,572,625,624,624,573,624,572,624,625,572,572,677,624,676,573,624,悲伤
573,624,572,624,625,572,572,677,624,676,573,624,624,625,572,676,572,625,悲伤
572,677,624,676,573,624,624,625,572,676,572,625,624,624,677,572,572,677,悲伤
677,728,676,729,572,624,677,624,624,677,572,624,677,624,728,625,624,悲伤
677,624,624,729,624,624,625,624,728,677,624,676,627,728,676,625,664,悲伤
676,676,677,676,624,654,676,728,625,572,728,625,728,悲伤
676,676,729,780,624,679,676,676,625,624,676,573,572,676,573,572,676,悲伤
520,521,572,520,468,625,572,624,677,676,676,677,624,624,468,573,572,520,521,悲伤
676,676,547,572,520,625,520,468,572,573,572,624,572,573,676,520,573,572,572,悲伤
520,468,572,573,572,624,572,573,676,520,573,572,572,624,625,624,572,575,572,悲伤
573,676,520,573,572,572,624,625,624,572,575,572,572,625,624,676,572,573,572,悲伤
520,572,625,572,572,624,572,624,624,573,624,572,573,572,624,625,624,572,676,悲伤
572,624,624,573,624,572,573,572,624,625,624,572,676,573,572,悲伤
676,572,625,676,676,677,572,624,625,624,676,625,572,676,625,572,624,624,悲伤
677,624,624,677,572,624,677,624,728,625,624,676,624,625,676,624,679,悲伤
572,624,625,624,676,625,572,676,625,572,624,624,625,572,572,625,572,572,悲伤
572,676,625,572,624,624,625,572,572,625,572,572,624,625,572,624,573,676,悲伤
624,573,572,572,572,573,676,624,677,624,572,625,572,572,624,521,520,624,573,悲伤
676,624,677,624,572,625,572,572,624,521,520,624,573,624,624,624,521,624,悲伤
572,572,624,521,520,624,573,624,624,624,521,624,572,573,624,520,572,573,572,悲伤
573,624,624,624,521,624,572,573,624,520,572,573,572,572,573,572,572,676,573,悲伤
572,573,624,520,572,573,572,572,573,572,572,676,573,676,624,574,624,520,625,悲伤
677,624,728,625,624,676,624,625,676,624,679,624,624,652,676,624,573,悲伤
624,625,676,624,679,624,624,652,676,624,573,676,624,727,520,624,729,悲伤
624,652,676,624,573,676,624,727,520,624,729,624,676,676,677,624,728,悲伤
624,727,520,624,729,624,676,676,677,624,728,625,676,520,677,676,624,悲伤
677,676,624,625,676,624,677,676,572,677,676,676,625,624,624,624,625,悲伤
624,677,624,676,625,676,624,625,676,624,624,625,676,676,677,676,676,悲伤
624,625,676,624,624,625,676,676,677,676,676,677,676,676,625,624,624,悲伤
676,676,677,676,676,677,676,676,625,624,624,677,624,624,677,676,624,悲伤
676,676,625,624,624,677,624,624,677,676,624,677,624,676,627,676,676,悲伤
624,624,677,676,624,677,624,676,627,676,676,625,624,676,624,677,676,悲伤
624,676,627,676,676,625,624,676,624,677,676,624,625,624,676,677,676,悲伤
624,676,624,677,676,624,625,624,676,677,676,624,677,676,676,678,676,悲伤
625,624,676,677,676,624,677,676,676,678,676,676,625,676,676,625,728,悲伤
677,676,676,678,676,676,625,676,676,625,728,676,677,676,676,652,悲伤
625,676,676,625,728,676,677,676,676,652,676,624,625,676,624,677,728,悲伤
625,624,728,729,780,728,677,676,676,729,676,624,677,676,728,705,悲伤
677,676,676,652,676,624,625,676,624,677,728,624,677,728,676,729,悲伤
625,676,624,677,728,624,677,728,676,729,676,572,677,676,624,677,624,悲伤
728,676,729,676,572,677,676,624,677,624,676,677,728,728,677,624,悲伤
676,624,677,624,676,677,728,728,677,624,676,677,572,624,624,625,676,悲伤
728,728,677,624,676,677,572,624,624,625,676,676,677,624,676,677,676,悲伤
677,572,624,624,625,676,676,677,624,676,677,676,624,625,624,624,625,悲伤
572,521,572,572,520,573,520,572,572,573,624,572,573,572,572,572,677,624,676,悲伤
572,572,573,624,572,573,572,572,572,677,624,676,625,676,572,625,624,624,悲伤
572,572,572,677,624,676,625,676,572,625,624,624,625,676,676,677,624,624,悲伤
676,676,677,624,624,573,676,624,624,626,520,624,625,624,676,573,624,572,悲伤
728,677,676,676,729,676,624,677,676,728,705,728,676,729,728,676,悲伤
624,626,520,624,625,624,676,573,624,572,624,573,624,624,625,572,572,573,悲伤
676,573,624,572,624,573,624,624,625,572,572,573,624,572,624,573,624,676,悲伤
624,624,625,572,572,573,624,572,624,573,624,676,625,624,624,625,624,676,悲伤
624,572,624,573,624,676,625,624,624,625,624,676,625,624,624,676,625,624,悲伤
625,624,676,625,624,624,676,625,624,676,650,676,728,781,676,572,729,悲伤
676,625,624,676,650,676,728,781,676,572,729,676,624,679,624,676,625,悲伤
728,781,676,572,729,676,624,679,624,676,625,676,624,729,676,676,悲伤
676,624,679,624,676,625,676,624,729,676,676,677,676,728,729,676,悲伤
676,624,729,676,676,677,676,728,729,676,676,625,624,676,625,624,悲伤
676,728,729,676,676,625,624,676,625,624,676,677,676,676,625,624,624,悲伤
676,677,676,624,677,676,624,677,624,728,625,676,624,625,624,676,625,悲伤
625,624,676,625,624,676,677,676,676,625,624,624,677,624,624,624,625,悲伤
624,677,624,624,624,625,624,624,625,676,676,729,676,676,625,676,676,悲伤
625,572,572,572,573,624,624,625,520,624,626,676,624,572,625,572,624,625,悲伤
728,676,677,676,624,625,676,624,573,676,624,625,676,624,575,624,728,悲伤
676,624,573,676,624,625,676,624,575,624,728,729,676,624,625,624,676,悲伤
676,624,575,624,728,729,676,624,625,624,676,624,625,676,676,625,520,悲伤
520,624,625,572,676,677,624,624,677,624,676,677,604,624,624,640,728,520,悲伤
625,624,624,677,624,624,625,624,676,624,625,624,624,626,624,676,625,悲伤
625,624,676,624,625,624,624,626,624,676,625,624,624,677,624,624,625,悲伤
624,626,624,676,625,624,624,677,624,624,625,624,572,624,573,624,572,573,悲伤
624,677,624,728,625,676,624,625,624,676,625,572,624,677,676,676,677,悲伤
624,677,624,624,625,624,572,624,573,624,572,573,572,624,624,625,572,624,悲伤
572,624,573,624,572,573,572,624,624,625,572,624,625,624,572,625,572,624,悲伤
572,624,624,625,572,624,625,624,572,625,572,624,624,625,572,624,625,624,悲伤
625,624,572,625,572,624,624,625,572,624,625,624,624,573,624,624,572,679,悲伤
624,625,572,624,625,624,624,573,624,624,572,679,572,624,625,624,624,625,悲伤
572,573,572,624,572,625,572,624,625,624,624,573,572,624,624,625,572,624,悲伤
572,624,625,624,624,573,572,624,624,625,572,624,677,624,676,625,624,572,悲伤
572,624,624,625,572,624,677,624,676,625,624,572,625,676,572,572,625,676,悲伤
677,624,676,625,624,572,625,676,572,572,625,676,624,625,624,624,625,624,悲伤
625,676,572,572,625,676,624,625,624,624,625,624,572,625,624,624,572,625,悲伤
624,625,624,676,625,572,624,677,676,676,677,676,676,729,676,676,573,悲伤
624,625,624,624,625,624,572,625,624,624,572,625,572,624,625,624,624,626,悲伤
572,625,624,624,572,625,572,624,625,624,624,626,676,624,677,624,572,598,悲伤
572,624,625,624,624,626,676,624,677,624,572,598,625,676,572,625,624,676,悲伤
575,624,572,521,520,572,572,625,572,572,573,624,624,624,677,572,624,625,572,悲伤
625,572,572,573,624,624,624,677,572,624,625,572,624,625,624,624,677,676,悲伤
624,677,572,624,625,572,624,625,624,624,677,676,624,624,625,676,676,悲伤
624,625,624,624,677,676,624,624,625,676,676,625,572,624,625,676,676,悲伤
624,624,625,676,676,625,572,624,625,676,676,573,624,624,625,624,676,悲伤
572,624,625,676,676,573,624,624,625,624,676,624,573,624,624,625,624,624,悲伤
780,729,728,780,729,728,676,625,676,728,679,728,728,729,728,悲伤
676,677,676,676,729,676,676,573,676,624,624,677,676,624,625,676,624,悲伤
728,676,625,676,728,679,728,728,729,728,781,780,728,677,624,676,悲伤
679,728,728,729,728,781,780,728,677,624,676,677,728,572,677,676,悲伤
781,780,728,677,624,676,677,728,572,677,676,728,729,728,624,651,悲伤
676,677,728,572,677,676,728,729,728,624,651,572,624,624,729,676,624,悲伤
728,729,728,624,651,572,624,624,729,676,624,625,676,624,677,728,悲伤
572,624,624,729,676,624,625,676,624,677,728,728,625,676,676,677,676,悲伤
625,676,624,677,728,728,625,676,676,677,676,676,678,624,676,677,悲伤
676,677,676,676,625,572,676,677,728,676,625,676,676,677,624,676,573,悲伤
572,676,625,728,624,624,677,624,728,677,676,676,677,572,728,677,676,悲伤
624,728,677,676,676,677,572,728,677,676,624,694,676,676,677,624,悲伤
573,676,624,624,677,676,624,625,676,624,677,676,676,625,676,676,573,悲伤
728,677,676,624,694,676,676,677,624,676,677,676,676,677,624,676,悲伤
676,677,624,676,677,676,676,677,624,676,677,676,676,677,624,676,677,悲伤
676,677,624,676,677,676,676,677,624,676,677,676,624,677,676,676,677,悲伤
651,624,624,625,624,624,573,624,624,572,568,620,673,677,723,727,678,悲伤
573,624,624,572,568,620,673,677,723,727,678,676,624,731,624,676,625,悲伤
673,677,723,727,678,676,624,731,624,676,625,572,624,625,624,624,625,悲伤
520,520,572,572,520,572,573,572,520,573,468,572,572,625,624,572,625,572,572,624,悲伤
572,572,625,624,572,625,572,572,624,573,624,624,625,520,624,573,572,624,624,悲伤
572,624,625,624,572,625,624,624,624,677,624,572,573,676,572,625,624,624,悲伤
624,624,624,677,624,572,573,676,572,625,624,624,625,624,676,624,625,624,悲伤
624,625,676,624,677,676,676,625,676,676,573,676,624,677,624,676,625,悲伤
573,676,572,625,624,624,625,624,676,624,625,624,728,626,572,676,573,676,悲伤
625,624,676,624,625,624,728,626,572,676,573,676,624,625,624,624,677,悲伤
728,626,572,676,573,676,624,625,624,624,677,572,624,572,625,624,572,521,悲伤
624,625,624,624,677,572,624,572,625,624,572,521,624,624,625,624,572,572,悲伤
676,625,676,676,573,676,624,677,624,676,625,676,624,625,676,624,624,悲伤
572,520,572,573,572,624,573,624,520,572,573,572,572,625,520,572,572,573,520,愉悦
573,624,520,572,573,572,572,625,520,572,572,573,520,624,573,572,572,520,573,愉悦
573,572,520,520,573,572,468,572,521,520,572,520,573,520,520,573,520,520,468,573,520,愉悦
572,521,520,572,520,573,520,520,573,520,520,468,573,520,468,572,521,572,572,520,521,愉悦
520,573,520,520,468,521,520,520,572,521,520,520,591,572,520,468,573,520,572,520,573,愉悦
520,572,521,520,520,591,572,520,468,573,520,572,520,573,572,572,572,625,572,624,愉悦
573,520,572,520,573,572,572,572,625,572,624,573,572,572,520,575,572,520,573,572,愉悦
520,573,572,520,520,573,520,572,520,521,520,572,521,572,468,572,521,468,572,468,521,愉悦
572,520,521,520,572,521,572,468,572,521,468,572,468,521,520,520,520,521,520,520,572,愉悦
468,572,521,468,572,468,521,520,520,520,521,520,520,572,521,520,572,520,469,624,572,愉悦
521,520,572,520,469,624,572,521,416,520,520,520,469,520,520,520,521,572,520,573,624,愉悦
521,416,520,520,520,469,520,520,520,521,572,520,573,624,572,468,625,520,520,572,521,愉悦
468,520,521,572,468,521,520,520,520,573,520,572,572,521,572,572,572,625,520,624,417,愉悦
520,572,520,573,572,520,572,625,572,572,573,520,603,572,573,572,520,573,572,572,愉悦
625,572,572,573,520,603,572,573,572,520,573,572,572,572,521,572,572,573,572,愉悦
573,520,572,520,521,520,520,468,521,572,520,520,521,572,520,572,625,572,624,521,愉悦
624,624,572,625,572,572,573,572,572,520,625,624,624,625,572,624,573,572,572,愉悦
572,573,572,572,572,573,520,572,521,572,624,572,626,572,572,573,520,572,572,愉悦
573,572,572,520,625,624,624,625,572,624,573,572,572,572,521,520,572,520,愉悦
520,364,521,572,520,469,520,416,572,573,416,520,468,468,521,468,468,520,417,468,520,468,469,愉悦
572,522,572,572,520,523,572,468,572,521,572,520,572,521,572,520,521,521,520,520,573,愉悦
468,572,521,572,520,572,521,572,520,521,521,520,520,573,520,520,520,521,520,572,572,愉悦
572,520,521,521,520,520,573,520,520,520,521,520,572,572,521,520,572,520,573,520,520,愉悦
520,520,520,521,520,572,572,521,520,572,520,573,520,520,521,598,520,572,573,520,愉悦
521,520,572,520,573,520,520,521,598,520,572,573,520,572,520,573,468,572,573,520,愉悦
521,598,520,572,573,520,572,520,573,468,572,573,520,572,520,573,572,520,520,573,愉悦
520,573,468,572,573,520,572,520,573,572,520,520,573,520,572,520,521,520,572,521,愉悦
511,467,517,516,517,621,566,618,569,520,571,571,468,623,520,520,513,512,568,517,521,愉悦
618,569,520,571,571,468,623,520,520,513,512,568,517,521,515,517,571,521,520,520,572,愉悦
520,520,513,512,568,517,521,515,517,571,521,520,520,572,517,517,519,466,572,518,520,愉悦
571,521,520,520,572,517,517,519,466,572,518,520,516,546,621,520,573,515,519,572,465,愉悦
519,466,572,518,520,516,546,621,520,573,515,519,572,465,520,569,517,468,572,468,愉悦
518,520,519,520,521,468,518,520,468,521,520,468,520,521,468,468,520,469,468,572,468,521,愉悦
521,459,561,462,513,462,514,463,466,514,467,519,467,520,464,520,520,514,460,514,515,465,愉悦
463,466,514,467,519,467,520,464,520,520,514,460,514,515,465,517,467,517,468,519,461,514,愉悦
464,520,520,514,460,514,515,465,517,467,517,468,519,461,514,518,516,519,518,514,512,517,愉悦
465,517,467,517,468,519,461,514,518,516,519,518,514,512,517,518,518,569,516,521,519,519,愉悦
519,518,514,512,517,518,518,569,516,521,519,519,520,521,520,468,520,522,467,520,468,546,愉悦
569,516,521,519,519,520,521,520,468,520,522,467,520,468,546,520,519,468,521,516,516,518,愉悦
522,467,520,468,546,520,519,468,521,516,516,518,521,468,519,416,465,519,466,467,466,469,467,愉悦
469,515,468,468,521,520,466,519,522,520,468,468,521,468,520,468,469,520,520,468,521,520,愉悦
572,518,614,569,569,520,521,572,520,520,573,518,519,517,519,519,517,573,518,520,468,愉悦
572,520,520,573,518,519,517,519,519,517,573,518,520,468,573,520,520,520,519,519,468,愉悦
460,459,408,461,460,510,459,512,409,510,459,459,513,408,561,408,513,408,409,464,415,462,459,463,愉悦
519,519,517,573,518,520,468,573,520,520,520,519,519,468,468,469,520,468,519,522,520,520,愉悦
573,520,520,520,519,519,468,468,469,520,468,519,522,520,520,520,521,520,520,572,521,520,愉悦
468,469,520,468,519,522,520,520,520,521,520,520,572,521,520,520,572,469,468,520,520,521,愉悦
468,520,521,468,520,520,524,520,520,519,519,519,518,468,521,572,520,521,572,520,520,愉悦
470,520,468,468,521,468,468,468,521,520,468,520,521,520,520,520,521,520,520,520,521,468,愉悦
521,468,520,520,469,468,520,468,521,468,520,468,468,522,467,468,520,417,468,518,467,468,468,愉悦
468,468,468,521,468,520,468,468,521,468,520,520,470,520,520,520,521,468,520,468,521,468,愉悦
521,468,468,520,469,468,520,520,469,520,572,520,521,520,520,520,521,572,468,520,521,520,愉悦
520,469,520,572,520,521,520,520,520,521,572,468,520,521,520,520,520,521,520,572,520,愉悦
469,519,520,520,521,520,468,520,521,468,520,520,522,520,468,520,469,519,520,愉悦
460,408,408,461,460,459,459,459,462,459,408,510,462,510,459,459,462,459,459,408,460,512,408,459,愉悦
416,468,469,468,468,416,419,416,468,468,416,469,468,468,468,417,468,416,491,468,535,468,468,520,愉悦
468,468,416,469,468,468,468,417,468,416,491,468,535,468,468,520,469,468,520,468,468,521,416,520,愉悦
468,416,491,468,535,468,468,520,469,468,520,468,468,521,416,520,468,469,520,468,468,521,468,愉悦
469,468,520,468,468,521,416,520,468,469,520,468,468,521,468,520,468,521,468,520,468,521,520,愉悦
468,469,520,468,468,521,468,520,468,521,468,520,468,521,520,572,416,521,520,520,468,521,愉悦
521,520,520,520,521,518,572,520,518,520,520,519,573,520,468,520,521,468,520,520,573,愉悦
462,459,408,510,462,510,459,459,462,459,459,408,460,512,408,459,459,409,461,459,408,511,512,459,愉悦
462,459,459,408,460,512,408,459,459,409,461,459,408,511,512,459,459,460,512,459,459,511,512,510,愉悦
416,523,415,468,468,436,468,467,468,468,466,465,467,463,463,460,460,459,517,464,463,465,467,414,愉悦
468,468,466,465,467,463,463,460,460,459,517,464,463,465,467,414,461,413,465,515,462,460,461,517,愉悦
460,459,517,464,463,465,467,414,461,413,465,515,462,460,461,517,464,513,515,516,565,515,519,愉悦
461,413,465,515,462,460,461,517,464,513,515,516,565,515,519,521,459,561,462,513,462,514,463,愉悦
464,513,515,516,565,515,519,521,459,561,462,513,462,514,463,466,514,467,519,467,520,464,愉悦
464,463,518,519,468,518,467,467,517,467,521,520,468,467,521,468,468,416,520,469,468,468,468,愉悦
467,517,467,521,520,468,467,521,468,468,416,520,469,468,468,468,459,468,520,416,467,521,416,愉悦
624,572,521,520,520,572,469,520,520,573,468,520,572,521,520,572,520,573,572,520,520,愉悦
520,520,573,468,520,572,521,520,572,520,573,572,520,520,521,572,520,625,520,520,468,愉悦
520,572,520,573,572,520,520,521,572,520,625,520,520,468,573,572,468,572,521,520,572,愉悦
521,572,520,625,520,520,468,573,572,468,572,521,520,572,572,521,572,572,520,573,468,愉悦
573,572,468,572,521,520,572,572,521,572,572,520,573,468,572,523,572,572,520,573,愉悦
520,624,469,572,468,624,521,520,624,546,572,520,624,573,520,572,572,521,624,520,愉悦
520,624,546,572,520,624,573,520,572,572,521,624,520,573,520,572,572,521,572,572,愉悦
573,520,572,572,521,624,520,573,520,572,572,521,572,572,520,573,572,520,573,572,愉悦
520,469,520,572,468,523,520,520,愉悦
521,468,572,468,469,520,572,572,625,624,520,521,572,520,468,573,520,468,624,521,572,愉悦
624,521,572,728,677,780,676,625,624,572,573,572,520,520,625,520,520,624,愉悦
676,625,624,572,573,572,520,520,625,520,520,624,573,520,624,573,520,572,520,愉悦
520,520,625,520,520,624,573,520,624,573,520,572,520,521,624,520,520,573,520,562,愉悦
521,572,520,521,468,572,520,469,624,468,520,521,520,520,572,521,520,572,572,521,624,愉悦
469,624,468,520,521,520,520,572,521,520,572,572,521,624,572,521,572,572,520,573,愉悦
572,521,520,572,572,521,624,572,521,572,572,520,573,520,572,572,573,520,624,573,愉悦
572,521,572,572,520,573,520,572,572,573,520,624,573,572,572,572,521,624,520,573,愉悦
572,572,573,520,624,573,572,572,572,521,624,520,573,624,520,520,625,572,520,575,愉悦
572,572,572,521,624,520,573,624,520,520,625,572,520,575,572,572,572,573,572,572,愉悦
468,469,468,468,416,469,520,416,468,573,468,520,623,571,571,621,572,520,520,520,521,572,愉悦
624,520,520,625,572,520,575,572,572,572,573,572,572,520,573,624,520,573,572,520,愉悦
572,572,572,573,572,572,520,573,624,520,573,572,520,520,625,572,520,573,572,520,愉悦
520,573,624,520,573,572,520,520,625,572,520,573,572,520,572,573,468,572,572,470,愉悦
573,520,468,572,469,520,572,468,521,624,520,521,572,520,520,573,520,572,572,496,572,愉悦
468,521,624,520,521,572,520,520,573,520,572,572,496,572,520,520,573,520,520,573,520,愉悦
520,468,572,469,520,572,520,521,572,520,520,573,520,520,572,521,520,624,521,572,624,愉悦
521,572,520,520,573,520,520,572,521,520,624,521,572,624,572,573,624,572,521,624,愉悦
468,573,468,520,623,571,571,621,572,520,520,520,521,572,520,468,573,520,520,572,469,愉悦
621,572,520,520,520,521,572,520,468,573,520,520,572,469,520,572,468,469,519,520,467,愉悦
520,468,573,520,520,572,469,520,572,468,469,519,520,467,520,520,520,520,521,520,520,愉悦
520,572,468,469,519,520,467,520,520,520,520,521,520,520,572,469,520,468,572,469,520,520,愉悦
520,520,520,520,521,520,520,572,469,520,468,572,469,520,520,468,469,520,468,468,469,520,愉悦
572,469,520,468,572,469,520,520,468,469,520,468,468,469,520,464,463,518,519,468,518,467,愉悦
520,468,469,520,468,468,469,520,464,463,518,519,468,518,467,467,517,467,521,520,468,467,521,愉悦
420,520,468,468,469,468,468,468,469,520,468,520,468,573,520,572,573,520,520,572,521,572,愉悦
469,520,468,520,468,573,520,572,573,520,520,572,521,572,520,520,521,572,468,572,521,愉悦
572,573,520,520,572,521,572,520,520,521,572,468,572,521,520,468,520,521,468,468,572,愉悦
520,520,521,572,468,572,521,520,468,520,521,468,468,572,521,572,572,573,572,520,624,愉悦
521,468,520,416,468,573,520,624,625,572,572,572,573,520,572,521,572,520,520,521,520,愉悦
624,625,572,572,572,573,520,572,521,572,520,520,521,520,520,572,521,520,520,572,愉悦
520,572,521,572,520,520,521,520,520,572,521,520,520,572,521,520,572,520,521,520,520,愉悦
520,520,572,521,520,520,572,521,520,572,520,521,520,520,520,573,468,520,573,572,572,愉悦
521,520,572,520,521,520,520,520,573,468,520,573,572,572,520,573,520,520,572,521,520,愉悦
520,468,520,469,520,520,520,521,520,572,468,573,520,520,520,521,520,468,520,469,520,520,愉悦
520,468,572,521,572,572,520,573,572,520,521,572,520,520,573,520,520,520,469,520,520,愉悦
521,520,572,468,573,520,520,520,521,520,468,520,469,520,520,520,521,520,520,572,521,愉悦
520,572,527,520,520,521,520,520,520,521,520,520,520,521,572,520,520,573,520,520,572,愉悦
416,416,573,468,468,520,469,468,572,520,521,520,520,521,520,520,520,416,521,520,520,521,愉悦
521,520,572,520,573,520,572,575,572,572,572,573,572,572,625,572,520,572,521,520,愉悦
520,520,520,521,520,520,520,521,520,520,520,521,520,572,521,468,520,572,573,572,572,愉悦
521,520,520,520,521,520,572,521,468,520,572,573,572,572,572,573,547,520,521,572,愉悦
521,520,520,520,573,520,572,521,520,520,572,521,572,520,520,522,572,520,520,521,572,愉悦
521,520,520,572,521,572,520,520,522,572,520,520,521,572,520,573,520,520,520,573,520,愉悦
520,522,572,520,520,521,572,520,573,520,520,520,573,520,572,520,521,572,520,520,521,愉悦
520,573,520,520,520,573,520,572,520,521,572,520,520,521,572,520,468,521,520,520,520,愉悦
520,572,520,521,468,520,520,469,468,468,468,521,520,520,520,521,572,572,625,572,572,愉悦
572,520,521,572,520,520,521,572,520,468,521,520,520,520,472,520,572,520,521,520,愉悦
469,468,468,468,521,520,520,520,521,572,572,625,572,572,572,574,520,572,520,575,572,愉悦
520,521,572,572,625,572,572,572,574,520,572,520,575,572,520,521,572,520,520,573,愉悦
572,574,520,572,520,575,572,520,521,572,520,520,573,520,520,520,573,520,468,572,521,愉悦
520,521,572,520,520,573,520,520,520,573,520,468,572,521,520,572,520,521,572,520,521,愉悦
520,520,573,520,468,572,521,520,572,520,521,572,520,521,520,520,520,521,520,520,520,愉悦
520,572,520,521,572,520,521,520,520,520,521,520,520,520,521,520,520,520,521,572,520,愉悦
520,520,520,469,520,520,468,420,520,468,468,469,468,468,468,469,520,468,520,468,573,520,愉悦
520,521,572,520,520,469,468,572,468,521,468,520,468,521,520,520,520,469,520,468,468,521,愉悦
468,520,521,520,520,520,521,572,520,520,521,520,520,520,469,520,520,468,471,520,520,468,愉悦
572,520,521,520,520,468,521,520,468,468,520,521,520,520,573,520,572,572,521,572,572,愉悦
520,468,468,520,521,520,520,573,520,572,572,521,572,572,520,573,468,572,468,521,520,愉悦
573,520,572,572,521,572,572,520,573,468,572,468,521,520,520,520,573,520,572,521,572,愉悦
573,468,572,468,521,520,520,520,573,520,572,521,572,520,520,521,572,520,468,417,624,愉悦
468,520,522,520,520,520,521,520,520,572,521,468,520,520,521,468,520,520,469,520,520,520,愉悦
520,520,572,521,468,520,520,521,468,520,520,469,520,520,520,469,520,520,520,521,520,520,愉悦
445,520,520,520,469,520,520,468,521,520,520,468,573,520,572,520,573,572,520,521,520,愉悦
468,521,520,520,468,573,520,572,520,573,572,520,521,520,572,520,521,520,468,520,521,愉悦
469,520,468,468,521,520,520,468,521,520,468,520,521,520,520,468,521,520,520,572,521,520,愉悦
572,520,573,572,520,521,520,572,520,521,520,468,520,521,468,468,520,521,468,468,520,愉悦
572,520,521,520,468,520,521,468,468,520,521,468,468,520,521,468,520,520,469,520,572,520,愉悦
468,468,520,521,468,468,520,521,468,520,520,469,520,572,520,521,520,520,468,521,572,520,愉悦
521,468,520,520,469,520,572,520,521,520,520,468,521,572,520,520,521,520,520,520,521,愉悦
520,521,520,520,468,521,572,520,520,521,520,520,520,521,520,468,572,521,520,520,572,愉悦
520,520,521,520,520,520,521,520,468,572,521,520,520,572,469,572,520,573,520,520,520,愉悦
520,468,572,521,520,520,572,469,572,520,573,520,520,520,573,520,520,468,521,520,520,愉悦
469,572,520,573,520,520,520,573,520,520,468,521,520,520,520,521,520,468,572,574,520,愉悦
468,520,520,521,468,520,468,469,520,520,416,521,468,520,520,523,468,520,572,469,520,468,愉悦
469,520,520,416,521,468,520,520,523,468,520,572,469,520,468,520,521,468,520,468,521,468,愉悦
468,521,520,468,520,521,520,520,468,521,520,520,572,521,520,468,520,469,520,520,520,470,愉悦
520,523,468,520,572,469,520,468,520,521,468,520,468,521,468,468,520,521,468,520,520,521,愉悦
468,520,521,468,520,468,521,468,468,520,521,468,520,520,521,520,520,520,521,468,520,520,愉悦
520,520,572,469,598,572,572,573,520,572,520,469,520,572,521,520,520,520,469,520,520,愉悦
468,469,520,520,468,521,520,520,520,521,520,520,521,520,520,520,469,468,520,468,520,521,愉悦
520,520,521,520,520,520,469,468,520,468,520,521,520,520,521,520,520,572,523,520,572,愉悦
520,572,520,521,520,520,572,521,520,520,520,521,520,468,468,469,520,520,520,521,520,愉悦
521,520,520,520,521,520,468,468,469,520,520,520,521,520,520,572,521,520,520,573,520,愉悦
468,469,520,520,520,521,520,520,572,521,520,520,573,520,572,520,521,468,468,520,521,愉悦
520,572,521,520,520,573,520,572,520,521,468,468,520,521,520,520,520,521,572,520,572,愉悦
572,520,521,468,468,520,521,520,520,520,521,572,520,572,573,520,520,572,521,520,520,愉悦
520,468,521,520,520,572,521,520,468,520,469,520,520,520,470,520,520,520,521,520,520,520,愉悦
520,520,520,521,572,520,572,573,520,520,572,521,520,520,521,468,520,520,573,520,520,愉悦
573,520,520,572,521,520,520,521,468,520,520,573,520,520,468,521,520,520,520,521,520,愉悦
521,468,520,520,573,520,520,468,521,520,520,520,521,520,520,520,573,468,572,520,573,愉悦
468,521,520,520,520,521,520,520,520,573,468,572,520,573,520,520,520,521,520,520,520,愉悦
520,520,573,468,572,520,573,520,520,520,521,520,520,520,521,520,520,520,574,520,572,愉悦
520,520,520,521,520,520,520,521,520,520,520,574,520,572,469,520,572,520,521,572,547,愉悦
520,468,469,520,468,468,521,520,572,572,625,572,676,573,572,572,572,521,572,520,愉悦
520,469,520,468,520,521,520,520,572,521,624,572,575,572,520,520,573,520,572,520,521,愉悦
572,521,624,572,575,572,520,520,573,520,572,520,521,520,520,468,521,520,520,520,573,愉悦
572,573,520,572,572,573,520,572,520,521,520,572,625,572,572,572,573,572,520,573,愉悦
520,468,520,469,520,520,520,470,520,520,520,521,520,520,520,521,520,520,520,469,520,愉悦
572,520,521,520,572,625,572,572,572,573,572,520,573,520,572,520,600,520,572,520,愉悦
572,572,573,572,520,573,520,572,520,600,520,572,520,521,572,572,572,625,572,624,愉悦
468,469,520,520,468,521,520,572,572,573,572,572,520,573,572,520,521,520,572,520,愉悦
468,520,416,417,468,520,468,469,468,520,468,521,520,520,520,469,520,572,520,521,520,468,愉悦
520,520,521,468,520,468,521,520,468,520,521,572,520,520,469,572,520,518,512,511,564,愉悦
520,468,520,521,572,520,520,469,572,520,518,512,511,564,514,515,514,511,517,469,572,愉悦
469,572,520,518,512,511,564,514,515,514,511,517,469,572,520,520,520,520,520,519,470,愉悦
514,515,514,511,517,469,572,520,520,520,520,520,519,470,519,520,519,468,572,519,521,愉悦
468,521,468,520,468,520,469,520,520,520,417,520,520,468,573,520,520,520,521,572,572,573,愉悦
520,468,521,520,520,521,520,520,520,469,520,572,468,521,520,520,520,469,520,520,520,521,愉悦
520,521,468,520,468,573,520,520,572,573,572,572,572,573,520,520,520,521,572,520,573,愉悦
520,520,521,520,520,520,521,520,520,521,520,520,468,468,469,520,520,468,521,520,468,468,愉悦
520,468,520,469,468,520,468,521,520,468,520,521,468,520,520,574,520,468,520,521,520,520,愉悦
520,521,572,572,572,573,572,572,521,520,572,520,571,572,572,572,573,572,624,573,愉悦
572,521,520,572,520,571,572,572,572,573,572,624,573,624,572,573,624,520,愉悦
521,572,572,572,625,624,676,573,676,572,625,572,624,572,626,572,572,625,愉悦
676,573,676,572,625,572,624,572,626,572,572,625,624,572,573,572,572,520,573,愉悦
624,572,626,572,572,625,624,572,573,572,572,520,573,520,572,520,573,572,572,愉悦
624,572,573,572,572,520,573,520,572,520,573,572,572,521,572,572,572,575,572,572,愉悦
572,572,572,575,572,572,572,574,572,572,573,624,572,572,625,572,572,573,624,愉悦
572,574,572,572,573,624,572,572,625,572,572,573,624,520,572,521,520,520,468,625,愉悦
520,572,573,572,572,572,573,520,520,520,521,572,520,573,520,520,520,521,520,520,520,愉悦
572,572,625,572,572,573,624,520,572,521,520,520,468,625,520,520,573,520,572,520,愉悦
624,520,572,521,520,520,468,625,520,520,573,520,572,520,574,572,572,520,573,520,愉悦
625,520,520,573,520,572,520,574,572,572,520,573,520,520,469,572,520,572,573,520,愉悦
520,520,520,521,572,520,573,520,520,520,521,520,520,520,495,572,468,520,521,520,572,愉悦
520,520,520,521,520,520,520,495,572,468,520,521,520,572,520,521,572,520,520,469,468,愉悦
495,572,468,520,521,520,572,520,521,572,520,520,469,468,572,468,521,468,520,468,521,520,愉悦
625,520,520,624,521,572,572,573,572,572,572,521,624,520,572,573,520,572,573,520,愉悦
573,572,572,572,521,624,520,572,573,520,572,573,520,572,572,573,520,572,572,521,愉悦
520,572,573,520,572,573,520,572,572,573,520,572,572,521,572,520,573,572,572,520,愉悦
572,572,573,520,572,572,521,572,520,573,572,572,520,625,520,572,573,572,520,624,愉悦
572,520,573,572,572,520,625,520,572,573,572,520,624,521,520,572,572,521,572,572,愉悦
520,572,573,572,520,624,521,520,572,572,521,572,572,468,648,520,624,521,520,624,愉悦
520,572,572,521,572,572,468,648,520,624,521,520,624,520,521,624,520,520,625,520,愉悦
648,520,624,521,520,624,520,521,624,520,520,625,520,520,625,520,520,624,521,520,愉悦
520,521,624,520,520,625,520,520,625,520,520,624,521,520,624,521,520,572,520,521,愉悦
520,625,520,520,624,521,520,624,521,520,572,520,521,572,520,520,573,520,520,572,愉悦
676,572,469,572,520,572,573,676,572,627,676,624,572,625,572,572,625,572,愉悦
624,521,520,572,520,521,572,520,520,573,520,520,572,573,468,572,573,520,572,468,愉悦
520,520,573,520,520,572,573,468,572,573,520,572,468,573,572,520,520,521,572,520,520,愉悦
521,468,572,520,521,520,520,521,520,572,520,521,572,520,520,573,520,520,572,469,520,愉悦
521,520,572,520,521,572,520,520,573,520,520,572,469,520,468,572,521,520,572,520,521,愉悦
520,573,520,520,572,469,520,468,572,521,520,572,520,521,572,520,573,572,520,520,625,愉悦
520,521,520,572,521,468,572,520,575,572,520,572,573,572,520,625,520,572,572,521,愉悦
520,575,572,520,572,573,572,520,625,520,572,572,521,520,572,520,521,572,520,520,愉悦
520,625,520,572,572,521,520,572,520,521,572,520,520,521,572,520,574,572,520,468,愉悦
572,520,521,572,520,520,521,572,520,574,572,520,468,573,520,520,572,521,520,572,520,愉悦
468,573,572,468,521,520,572,520,521,572,520,520,573,520,520,572,521,520,572,520,522,愉悦
572,521,618,572,521,624,520,572,625,572,520,625,520,572,624,521,520,624,573,520,愉悦
520,520,627,520,572,572,573,520,624,573,572,572,572,677,468,572,573,624,572,愉悦
572,573,624,572,572,573,572,624,573,572,572,624,521,624,572,573,624,572,520,愉悦
572,624,573,572,572,624,521,624,572,573,624,572,520,625,520,572,625,572,520,愉悦
521,624,572,573,624,572,520,625,520,572,625,572,520,624,573,572,572,573,572,愉悦
520,625,520,572,625,572,520,624,573,572,572,573,572,624,520,573,572,572,625,愉悦
520,624,573,572,572,573,572,624,520,573,572,572,625,520,520,624,521,572,572,愉悦
572,624,520,573,572,572,625,520,520,624,521,572,572,573,572,572,572,521,624,520,愉悦
416,520,469,468,468,468,520,462,360,618,519,518,415,621,360,517,467,465,462,517,463,569,466,愉悦
360,618,519,518,415,621,360,517,467,465,462,517,463,569,466,468,520,520,468,521,468,520,468,愉悦
468,469,467,468,468,469,468,468,416,469,520,468,468,521,416,468,520,520,521,546,520,468,521,愉悦
416,469,520,468,468,521,416,468,520,520,521,546,520,468,521,468,520,468,521,520,520,468,愉悦
469,520,468,468,521,468,519,520,521,520,468,520,469,520,520,520,521,520,520,468,521,愉悦
469,468,520,520,521,520,468,520,469,468,520,468,521,467,520,468,521,520,520,572,521,468,愉悦
520,521,468,520,520,521,520,520,572,521,520,520,520,521,572,520,520,521,520,520,468,愉悦
520,572,521,520,520,520,521,572,520,520,521,520,520,468,521,520,520,520,469,520,468,愉悦
416,469,416,468,468,468,469,416,520,468,469,468,468,468,417,520,468,468,468,469,520,468,520,469,愉悦
520,468,469,468,468,468,417,520,468,468,468,469,520,468,520,469,520,468,520,521,520,468,520,愉悦
468,468,468,469,520,468,520,469,520,468,520,521,520,468,520,469,468,520,468,469,520,468,520,愉悦
416,468,468,469,468,416,468,416,469,468,468,468,469,416,520,416,469,468,468,468,468,469,468,愉悦
468,520,469,468,468,520,469,520,364,468,468,469,520,416,468,469,416,468,416,469,416,416,495,416,愉悦
364,468,468,469,520,416,468,469,416,468,416,469,416,416,495,416,469,468,468,468,521,520,468,520,愉悦
416,468,416,469,416,416,495,416,469,468,468,468,521,520,468,520,469,468,416,468,520,365,468,416,愉悦
468,468,468,469,468,520,468,521,468,468,520,469,520,468,468,417,520,468,468,469,468,468,468,愉悦
468,468,520,469,520,468,468,417,520,468,468,469,468,468,468,520,445,468,520,468,469,468,468,愉悦
624,572,573,624,572,624,573,572,624,575,572,614,572,625,572,572,625,572,572,愉悦
520,521,572,468,572,521,520,520,572,521,520,468,572,521,572,572,573,624,520,572,521,愉悦
520,572,521,520,468,572,521,572,572,573,624,520,572,521,572,572,572,523,520,572,愉悦
572,572,573,624,520,572,521,572,572,572,523,520,572,573,520,520,624,469,520,572,愉悦
521,572,572,572,523,520,572,573,520,520,624,469,520,572,520,521,572,468,520,521,572,愉悦
573,520,520,624,469,520,572,520,521,572,468,520,521,572,520,520,573,572,520,573,520,愉悦
520,521,572,468,520,521,572,520,520,573,572,520,573,520,520,572,521,520,572,520,521,愉悦
520,520,573,572,520,573,520,520,572,521,520,572,520,521,572,520,520,469,520,520,468,愉悦
520,572,521,520,572,520,521,572,520,520,469,520,520,468,521,468,520,572,521,520,520,愉悦
572,520,520,469,520,520,468,521,468,520,572,521,520,520,625,520,572,572,511,624,520,愉悦
520,468,468,521,416,468,468,520,469,468,520,520,469,468,520,468,469,520,468,468,417,520,416,愉悦
521,468,520,572,521,520,520,625,520,572,572,511,624,520,520,573,572,520,625,520,愉悦
625,520,572,572,511,624,520,520,573,572,520,625,520,520,624,521,572,572,520,573,愉悦
520,573,572,572,520,573,520,572,520,521,520,624,469,520,520,572,573,468,572,572,愉悦
572,520,521,520,624,469,520,520,572,573,468,572,572,521,572,520,520,548,520,572,520,愉悦
520,572,573,468,572,572,521,572,520,520,548,520,572,520,521,572,468,521,624,520,愉悦
520,520,572,521,520,572,523,520,624,520,521,572,520,520,625,520,572,625,572,572,愉悦
520,573,520,520,572,573,676,572,572,676,624,624,625,572,624,625,572,520,625,愉悦
572,572,676,624,624,625,572,624,625,572,520,625,572,624,520,573,624,572,625,愉悦
572,624,625,572,520,625,572,624,520,573,624,572,625,624,572,572,625,572,520,愉悦
572,624,520,573,624,572,625,624,572,572,625,572,520,625,572,572,624,573,572,愉悦
469,468,520,520,469,468,520,468,469,520,468,468,417,520,416,468,468,469,416,416,520,391,468,416,愉悦
573,572,572,520,625,518,519,624,521,572,624,519,572,624,520,573,572,572,521,572,愉悦
624,521,572,624,519,572,624,520,573,572,572,521,572,520,572,625,520,520,624,573,愉悦
468,469,520,468,468,417,520,416,468,468,469,416,416,520,391,468,416,468,468,521,520,468,520,521,愉悦
468,468,469,416,416,520,391,468,416,468,468,521,520,468,520,521,468,520,520,469,520,520,520,愉悦
573,416,520,468,469,468,468,520,469,468,468,520,521,468,520,520,521,623,520,520,625,520,愉悦
469,468,468,520,521,468,520,520,521,623,520,520,625,520,520,572,521,520,572,521,468,愉悦
520,521,623,520,520,625,520,520,572,521,520,572,521,468,572,520,521,520,624,572,愉悦
520,572,521,520,572,521,468,572,520,521,520,624,572,625,624,572,573,624,572,624,愉悦
572,520,521,520,624,572,625,624,572,573,624,572,624,573,572,624,575,572,614,愉悦
468,572,469,468,520,468,468,469,520,520,520,677,624,624,677,624,728,573,676,676,愉悦
469,520,520,520,677,624,624,677,624,728,573,676,676,626,624,624,573,676,愉悦
624,728,729,780,832,781,832,677,832,676,729,624,624,615,572,624,愉悦
520,572,520,523,572,515,520,573,520,520,520,521,468,520,520,521,468,572,520,469,572,愉悦
520,573,572,520,520,573,520,520,573,520,572,572,573,520,624,573,520,572,572,573,愉悦
520,573,520,572,572,573,520,624,573,520,572,572,573,572,572,520,625,520,愉悦
520,469,520,520,520,521,572,572,520,573,572,572,573,520,572,624,521,572,624,521,愉悦
645,572,624,520,575,572,572,573,572,572,676,625,572,624,521,624,520,572,573,愉悦
521,520,468,520,521,520,572,520,521,624,572,521,572,516,520,573,520,468,468,625,468,愉悦
520,572,520,521,572,520,520,573,520,468,572,469,520,520,416,625,468,572,520,521,572,愉悦
573,520,468,572,469,520,520,416,625,468,572,520,521,572,520,520,573,520,468,521,572,愉悦
416,625,468,572,520,521,572,520,520,573,520,468,521,572,520,468,521,520,468,572,521,愉悦
572,624,572,573,572,468,625,624,520,572,573,572,572,520,573,520,572,573,624,520,愉悦
520,572,521,572,520,520,573,520,572,572,573,572,572,521,520,572,520,573,572,572,愉悦
520,572,572,573,572,572,521,520,572,520,573,572,572,572,625,572,624,573,572,572,愉悦
520,572,520,573,572,572,572,625,572,624,573,572,572,572,521,520,572,521,572,572,愉悦
625,572,624,573,572,572,572,521,520,572,521,572,572,520,573,520,572,572,573,520,愉悦
572,521,520,572,521,572,572,520,573,520,572,572,573,520,520,573,520,572,520,521,愉悦
520,573,520,572,572,573,520,520,573,520,572,520,521,520,572,572,521,520,520,572,469,愉悦
520,521,468,520,520,521,520,520,520,469,520,520,520,573,520,520,520,521,572,520,521,愉悦
521,520,520,520,469,520,468,468,521,520,468,520,521,520,520,520,521,520,520,572,521,520,愉悦
521,520,520,520,521,520,520,572,521,520,520,520,523,520,468,520,521,520,520,572,469,愉悦
574,572,572,468,573,572,572,520,521,572,520,520,521,572,520,573,572,520,572,625,愉悦
572,521,520,520,520,523,520,468,520,521,520,520,572,469,520,520,572,521,572,520,573,愉悦
468,520,521,520,520,572,469,520,520,572,521,572,520,573,520,520,520,469,520,468,520,愉悦
520,520,572,521,572,520,573,520,520,520,469,520,468,520,521,520,520,520,521,520,520,愉悦
520,520,520,469,520,468,520,521,520,520,520,521,520,520,520,573,520,520,520,573,520,愉悦
521,520,520,520,521,520,520,520,573,520,520,520,573,520,520,468,521,468,468,520,521,468,愉悦
520,573,520,520,520,573,520,520,468,521,468,468,520,521,468,520,520,521,520,520,520,521,愉悦
521,468,572,521,520,520,520,469,520,468,468,520,495,520,520,468,521,572,520,521,520,520,愉悦
469,520,468,468,520,495,520,520,468,521,572,520,521,520,520,572,573,520,572,520,573,愉悦
520,468,521,572,520,521,520,520,572,573,520,572,520,573,572,520,520,573,572,520,521,愉悦
468,468,417,464,517,571,625,623,676,521,572,572,573,520,572,572,573,520,572,572,愉悦
520,521,572,520,520,521,572,520,573,572,520,572,625,520,520,572,573,572,572,574,愉悦
521,572,572,573,520,572,572,573,520,572,572,521,520,520,572,521,520,520,521,572,愉悦
520,520,469,572,520,520,521,572,520,572,573,572,572,573,520,572,520,521,520,520,572,愉悦
572,520,572,573,572,572,573,520,572,520,521,520,520,572,469,520,572,468,521,520,520,愉悦
520,572,520,521,520,520,572,469,520,572,468,521,520,520,468,521,520,468,468,521,520,468,愉悦
469,520,572,468,521,520,520,468,521,520,468,468,521,520,468,520,573,520,572,573,572,愉悦
468,521,520,468,468,521,520,468,520,573,520,572,573,572,624,572,625,572,624,573,愉悦
520,573,520,572,573,572,624,572,625,572,624,573,520,572,572,573,624,572,573,愉悦
520,520,572,573,572,624,573,572,617,567,573,572,572,521,572,572,624,573,520,愉悦
520,573,520,520,520,521,520,468,520,521,520,468,520,469,520,520,519,521,520,572,520,愉悦
468,520,521,520,468,520,469,520,520,519,521,520,572,520,573,567,570,520,572,520,520,愉悦
520,573,572,520,572,625,520,520,572,573,572,572,574,520,572,520,573,520,520,572,愉悦
520,520,519,521,520,572,520,573,567,570,520,572,520,520,521,516,569,520,521,520,513,愉悦
573,567,570,520,572,520,520,521,516,569,520,521,520,513,519,521,571,520,520,521,520,愉悦
521,520,520,468,523,572,520,468,521,572,520,520,521,468,572,572,521,520,572,521,572,愉悦
468,521,572,520,520,521,468,572,572,521,520,572,521,572,520,520,573,572,520,520,573,愉悦
572,572,521,520,572,521,572,520,520,573,572,520,520,573,572,520,520,521,520,572,愉悦
520,520,573,572,520,520,573,572,520,520,521,520,572,573,547,520,572,469,572,520,愉悦
624,417,520,468,468,521,520,520,572,573,572,520,572,521,572,572,573,572,468,520,573,愉悦
573,520,520,520,573,520,572,520,573,572,572,573,572,624,572,546,572,572,573,572,愉悦
573,572,520,572,575,572,572,573,520,572,572,573,572,520,572,573,572,572,521,624,愉悦
573,520,572,572,573,572,520,572,573,572,572,521,624,520,572,574,572,572,521,572,愉悦
572,520,521,520,520,624,625,624,624,625,624,572,570,573,572,572,521,520,520,520,愉悦
676,625,624,624,573,572,572,520,521,572,572,572,573,572,572,625,520,572,520,愉悦
572,520,521,572,572,572,573,572,572,625,520,572,520,573,572,520,573,520,572,520,愉悦
521,468,468,468,470,468,520,468,468,469,520,468,468,521,520,520,520,523,520,572,521,愉悦
572,520,573,520,520,468,521,468,520,468,522,520,520,468,469,520,468,468,521,468,520,520,愉悦
468,520,468,522,520,520,468,469,520,468,468,521,468,520,520,469,520,520,468,469,468,520,468,愉悦
469,520,468,468,521,468,520,520,469,520,520,468,469,468,520,468,521,468,468,520,469,468,468,愉悦
520,469,520,520,468,469,468,520,468,521,468,468,520,469,468,468,468,468,521,468,468,468,469,愉悦
468,572,521,572,520,573,520,520,520,521,520,520,520,576,468,520,572,521,520,468,愉悦
520,573,520,520,573,572,520,572,573,520,520,520,521,520,572,520,521,572,572,573,愉悦
572,573,520,520,520,521,520,572,520,521,572,572,573,572,520,572,573,572,520,520,愉悦
572,520,521,572,572,573,572,520,572,573,572,520,520,521,572,520,573,572,572,572,愉悦
468,468,468,417,416,468,416,468,497,416,468,468,469,468,520,520,521,520,468,520,521,468,520,愉悦
468,469,468,520,416,469,520,468,468,469,520,468,468,520,521,520,520,521,572,572,520,521,愉悦
468,469,520,468,468,520,521,520,520,521,572,572,520,521,572,572,520,573,520,572,520,愉悦
520,520,521,572,572,520,521,572,572,520,573,520,572,520,521,520,572,469,572,520,572,愉悦
572,572,520,573,520,572,520,521,520,572,469,572,520,572,625,572,624,627,572,624,愉悦
521,520,572,469,572,520,572,625,572,624,627,572,624,624,573,624,624,573,520,愉悦
572,624,627,572,624,624,573,624,624,573,520,624,572,625,572,624,625,572,572,愉悦
573,624,624,573,520,624,572,625,572,624,625,572,572,625,572,572,572,573,愉悦
468,520,543,460,468,520,467,521,468,520,520,521,520,572,520,521,520,572,572,417,572,520,愉悦
572,625,520,468,572,469,572,520,520,521,520,520,572,521,520,572,468,521,572,520,520,愉悦
469,520,520,520,417,520,520,520,469,520,468,468,521,468,520,520,469,520,520,520,574,416,愉悦
520,520,521,520,520,572,521,520,572,468,521,572,520,520,524,572,572,573,572,624,愉悦
520,572,468,521,572,520,520,524,572,572,573,572,624,572,521,520,572,573,520,572,愉悦
524,572,572,573,572,624,572,521,520,572,573,520,572,572,573,520,572,572,573,520,愉悦
572,521,520,572,573,520,572,572,573,520,572,572,573,520,520,521,572,468,520,521,愉悦
572,573,520,572,572,573,520,520,521,572,468,520,521,572,520,572,521,572,520,572,愉悦
520,521,572,468,520,521,572,520,572,521,572,520,572,573,520,572,521,520,520,520,521,愉悦
520,572,521,572,520,572,573,520,572,521,520,520,520,521,572,520,572,521,572,468,520,愉悦
520,572,521,520,520,520,521,572,520,572,521,572,468,520,521,520,468,520,469,572,520,愉悦
572,520,572,521,572,468,520,521,520,468,520,469,572,520,572,573,520,572,625,520,572,愉悦
521,520,468,520,469,572,520,572,573,520,572,625,520,572,520,573,572,572,572,469,愉悦
520,520,521,520,520,520,521,468,520,520,521,520,468,520,469,520,520,520,469,520,520,520,愉悦
572,572,573,572,572,572,573,520,572,573,572,572,572,521,520,572,572,522,572,520,愉悦
573,520,572,573,572,572,572,521,520,572,572,522,572,520,573,520,572,520,521,572,愉悦
521,520,572,572,522,572,520,573,520,572,520,521,572,551,520,492,572,572,520,573,愉悦
573,520,572,520,521,572,551,520,492,572,572,520,573,520,572,521,572,520,520,469,572,愉悦
520,572,521,468,572,520,469,468,468,520,520,521,572,572,521,572,520,572,521,624,520,愉悦
468,468,520,520,521,572,572,521,572,520,572,521,624,520,416,677,520,520,468,625,愉悦
443,520,520,520,521,520,520,520,521,520,520,468,521,520,520,520,469,468,520,520,469,572,愉悦
521,520,520,520,469,520,520,520,573,468,572,520,521,572,520,520,521,520,520,520,521,愉悦
521,520,520,520,521,520,572,520,573,416,468,520,521,468,624,364,469,468,468,468,522,416,愉悦
520,573,416,468,520,521,468,624,364,469,468,468,468,522,416,520,468,521,416,520,520,468,521,愉悦
469,468,468,468,522,416,520,468,521,416,520,520,468,521,468,520,468,521,468,468,468,521,468,愉悦
521,416,520,520,468,521,468,520,468,521,468,468,468,521,468,468,468,417,416,468,416,468,497,愉悦
520,468,521,468,468,468,521,468,468,468,417,416,468,416,468,497,416,468,468,469,468,520,520,愉悦
572,573,624,728,679,624,624,625,624,676,573,624,624,520,521,676,572,781,焦虑
520,468,416,563,468,572,625,624,624,624,573,572,624,521,624,572,572,521,572,468,焦虑
624,521,624,572,572,521,572,468,573,572,572,572,573,624,520,573,572,572,520,625,焦虑
573,572,572,572,573,624,520,573,572,572,520,625,624,624,625,572,572,572,625,焦虑
520,573,572,572,520,625,624,624,625,572,572,572,625,520,572,573,572,624,520,焦虑
624,625,572,572,572,625,520,572,573,572,624,520,521,624,520,520,625,520,520,焦虑
520,572,573,572,624,520,521,624,520,520,625,520,520,573,520,520,520,574,468,572,焦虑
624,520,520,625,520,520,573,520,520,520,574,468,572,624,573,572,624,573,624,624,焦虑
572,624,573,572,624,573,624,624,572,573,624,572,573,572,520,572,521,624,520,焦虑
624,624,572,573,624,572,573,572,520,572,521,624,520,573,624,520,572,573,598,焦虑
468,572,468,521,520,520,520,573,520,572,572,573,520,624,573,520,520,572,573,572,焦虑
573,520,520,520,573,520,468,575,468,572,520,521,572,520,572,573,572,572,520,521,572,焦虑
677,572,624,625,624,676,676,677,676,676,625,676,624,677,728,624,729,焦虑
676,677,676,676,625,676,624,677,728,624,729,624,572,677,624,676,731,焦虑
624,677,728,624,729,624,572,677,624,676,731,624,676,573,624,614,625,焦虑
572,677,624,676,731,624,676,573,624,614,625,624,624,624,521,624,520,焦虑
417,520,468,572,420,510,520,520,520,625,520,520,625,520,572,624,573,624,624,574,焦虑
520,520,625,520,520,625,520,572,624,573,624,624,574,520,572,624,573,572,572,焦虑
572,520,572,573,468,520,468,625,520,468,572,573,520,624,573,572,572,562,573,572,焦虑
573,624,520,573,624,520,572,523,572,520,520,521,520,468,520,521,520,520,572,521,焦虑
572,523,572,520,520,521,520,468,520,521,520,520,572,521,572,624,573,624,572,572,焦虑
468,520,521,520,520,572,521,572,624,573,624,572,572,573,624,520,573,572,520,520,焦虑
520,520,520,573,520,468,573,468,520,468,573,520,572,624,521,572,572,572,521,624,520,焦虑
468,520,468,573,520,572,624,521,572,572,572,521,624,520,521,572,572,468,521,624,焦虑
521,572,572,572,521,624,520,521,572,572,468,521,624,520,520,573,520,520,468,573,468,焦虑
521,572,572,468,521,624,520,520,573,520,520,468,573,468,520,573,572,520,572,521,520,焦虑
521,572,468,520,521,468,468,468,521,520,468,468,499,541,520,572,521,520,572,520,521,520,焦虑
468,521,520,468,468,499,541,520,572,521,520,572,520,521,520,572,521,520,572,520,469,焦虑
520,572,521,520,572,520,521,520,572,521,520,572,520,469,520,520,468,521,520,468,520,焦虑
521,572,572,520,573,468,520,573,520,520,572,521,468,520,520,521,468,572,520,469,520,焦虑
520,572,521,520,572,520,469,520,520,468,521,520,468,520,521,572,572,572,625,572,520,焦虑
520,520,468,521,520,468,520,521,572,572,572,625,572,520,625,520,572,624,521,520,焦虑
521,572,572,572,625,572,520,625,520,572,624,521,520,624,520,573,572,520,469,468,焦虑
520,625,520,572,624,521,520,624,520,573,572,520,469,468,572,468,469,520,572,572,521,焦虑
624,520,573,572,520,469,468,572,468,469,520,572,572,521,676,624,520,573,572,468,焦虑
469,468,468,468,521,520,572,520,573,624,624,627,676,572,677,572,624,572,625,520,焦虑
520,573,624,624,627,676,572,677,572,624,572,625,520,572,573,572,572,624,573,焦虑
572,677,572,624,572,625,520,572,573,572,572,624,573,572,676,573,572,572,520,焦虑
520,572,573,572,572,624,573,572,676,573,572,572,520,469,572,572,468,625,572,焦虑
624,676,677,572,624,677,572,572,572,573,572,624,573,520,624,520,573,572,520,焦虑
521,572,520,520,573,468,520,572,521,572,572,521,468,520,572,469,468,520,520,469,468,焦虑
572,521,572,572,521,468,520,572,469,468,520,520,469,468,520,468,520,417,520,520,468,521,焦虑
572,469,468,520,520,469,468,520,468,520,417,520,520,468,521,520,468,520,573,520,520,573,焦虑
520,520,468,521,520,468,520,573,520,520,573,520,468,572,521,520,520,520,521,468,572,焦虑
573,520,520,573,520,468,572,521,520,520,520,521,468,572,468,521,520,572,572,470,焦虑
468,416,468,469,468,468,520,469,572,520,520,573,468,520,572,573,520,572,521,520,520,572,焦虑
526,520,521,468,416,520,469,468,520,468,469,468,572,520,573,624,520,573,624,520,572,焦虑
468,520,468,469,468,572,520,573,624,520,573,624,520,572,523,572,520,520,521,520,468,焦虑
520,520,572,521,520,520,520,521,520,468,468,521,468,520,520,523,520,520,468,焦虑
520,468,468,468,444,468,468,468,521,468,468,468,523,468,520,468,521,416,520,468,521,467,466,焦虑
521,468,468,468,523,468,520,468,521,416,520,468,521,467,466,520,520,521,520,468,520,573,焦虑
520,468,521,468,520,416,469,520,468,520,469,468,416,520,469,468,468,520,469,468,520,468,520,焦虑
468,520,469,468,416,520,469,468,468,520,469,468,520,468,520,469,520,468,520,521,468,520,520,焦虑
468,520,469,468,520,468,520,469,520,468,520,521,468,520,520,521,520,520,573,520,572,520,焦虑
469,520,468,520,521,468,520,520,521,520,520,573,520,572,520,469,520,520,468,521,468,520,焦虑
520,521,520,520,573,520,572,520,469,520,520,468,521,468,520,572,625,624,624,625,焦虑
520,469,520,520,468,521,468,520,572,625,624,624,625,624,624,572,573,572,520,574,焦虑
520,572,521,520,572,624,573,572,520,627,520,624,572,573,572,572,626,572,624,焦虑
520,468,520,521,520,572,520,521,572,572,572,573,572,572,521,572,520,572,521,572,焦虑
625,624,676,677,676,624,625,624,624,624,625,624,572,573,572,624,523,520,焦虑
625,624,624,624,625,624,572,573,572,624,523,520,572,572,521,520,520,520,521,焦虑
572,416,676,469,468,520,468,469,468,468,520,575,624,624,624,626,624,572,625,572,焦虑
625,520,520,521,572,572,572,625,572,624,573,520,572,520,573,624,624,677,520,焦虑
520,573,520,520,573,572,624,572,625,624,624,573,572,624,572,625,572,572,573,焦虑
572,625,624,624,573,572,624,572,625,572,572,573,572,520,624,573,572,572,521,焦虑
572,625,572,572,573,572,520,624,573,572,572,521,520,572,691,547,624,624,677,焦虑
520,624,573,572,572,521,520,572,691,547,624,624,677,572,624,573,572,572,572,焦虑
572,691,547,624,624,677,572,624,573,572,572,572,573,520,572,624,627,572,572,焦虑
572,624,573,572,572,572,573,520,572,624,627,572,572,573,624,572,573,624,572,焦虑
521,572,572,572,573,572,572,521,572,520,572,521,572,520,572,521,520,572,520,573,焦虑
468,520,468,521,468,520,468,521,468,520,520,468,523,520,468,468,521,520,520,520,469,468,焦虑
676,677,676,624,677,676,676,677,676,676,625,676,624,677,676,676,焦虑
468,520,469,520,520,520,469,520,520,416,521,468,520,572,521,572,572,573,520,624,572,焦虑
521,468,520,572,521,572,572,573,520,624,572,548,624,624,627,572,572,572,625,焦虑
625,624,468,625,572,572,624,573,572,624,573,520,572,572,573,520,520,572,521,焦虑
520,520,520,521,572,572,573,572,572,520,573,520,572,572,573,520,572,521,572,572,焦虑
572,572,520,573,520,572,572,573,520,572,521,572,572,572,521,624,572,573,572,572,焦虑
520,573,520,520,573,624,624,572,575,520,572,520,573,572,572,521,520,572,520,469,焦虑
572,575,520,572,520,573,572,572,521,520,572,520,469,572,520,520,521,520,520,520,521,焦虑
572,521,520,572,520,469,572,520,520,521,520,520,520,521,520,520,520,521,572,520,468,焦虑
520,520,520,521,520,520,520,521,572,520,468,521,520,520,573,520,572,520,521,520,572,焦虑
521,572,520,468,521,520,520,573,520,572,520,521,520,572,572,573,520,468,520,573,520,焦虑
573,520,572,520,521,520,572,572,573,520,468,520,573,520,468,520,521,520,468,520,470,焦虑
572,573,520,468,520,573,520,468,520,521,520,468,520,470,520,468,520,417,520,468,520,521,焦虑
520,468,520,521,520,572,520,521,520,572,520,573,520,468,521,520,520,520,511,520,520,焦虑
521,520,572,520,573,520,468,521,520,520,520,511,520,520,572,521,520,572,572,521,468,焦虑
520,573,572,520,573,520,520,572,521,624,572,625,520,572,520,573,624,572,625,572,焦虑
572,572,573,520,572,572,469,624,520,521,572,572,520,521,572,520,572,573,520,520,焦虑
520,572,521,572,468,520,521,520,520,520,521,520,572,573,572,572,572,574,572,520,焦虑
521,468,520,520,573,520,572,573,520,520,572,573,468,572,572,521,520,572,521,572,520,焦虑
573,520,520,572,573,468,572,572,521,520,572,521,572,520,520,521,572,520,520,573,焦虑
572,521,520,572,521,572,520,520,521,572,520,520,573,572,572,572,573,572,572,625,焦虑
520,521,572,520,520,573,572,572,572,573,572,572,625,572,572,520,575,468,520,520,焦虑
572,572,573,572,572,625,572,572,520,575,468,520,520,521,468,468,520,573,520,520,521,焦虑
468,521,520,468,520,536,468,520,520,521,468,572,520,573,520,572,520,573,520,572,520,焦虑
521,520,572,573,572,624,572,573,572,520,573,572,572,572,573,572,572,573,焦虑
520,520,469,468,468,468,468,469,468,520,468,573,572,520,523,624,676,624,677,624,624,焦虑
468,520,468,573,572,520,523,624,676,624,677,624,624,625,624,624,573,520,572,焦虑
624,520,521,572,572,520,521,572,520,572,573,520,520,520,521,520,572,573,572,468,焦虑
624,676,624,677,624,624,625,624,624,573,520,572,572,573,572,624,625,624,焦虑
624,624,573,520,572,572,573,572,624,625,624,572,625,572,572,468,521,572,520,焦虑
573,572,624,625,624,572,625,572,572,468,521,572,520,572,573,572,676,677,676,焦虑
625,572,572,468,521,572,520,572,573,572,676,677,676,624,677,624,572,624,625,焦虑
572,573,572,676,677,676,624,677,624,572,624,625,624,572,573,572,624,573,焦虑
624,677,624,572,624,625,624,572,573,572,624,573,572,572,572,573,520,520,520,焦虑
520,468,468,469,520,468,520,469,468,468,468,521,468,520,416,468,521,468,520,520,521,572,焦虑
469,468,468,468,521,468,520,416,468,521,468,520,520,521,572,572,521,520,520,520,573,572,焦虑
468,521,468,520,520,521,572,572,521,520,520,520,573,572,520,572,573,624,572,573,焦虑
572,521,520,520,520,573,572,520,572,573,624,572,573,572,572,572,573,624,520,573,焦虑
520,572,573,624,572,573,572,572,572,573,624,520,573,520,572,572,573,572,572,520,焦虑
572,572,572,573,624,520,573,520,572,572,573,572,572,520,573,520,520,573,624,624,焦虑
573,520,572,572,573,572,572,520,573,520,520,573,624,624,572,575,520,572,520,573,焦虑
520,624,521,572,624,572,573,624,572,575,624,572,572,625,572,572,573,572,572,焦虑
573,624,572,575,624,572,572,625,572,572,573,572,572,572,521,572,520,625,572,焦虑
572,625,572,572,573,572,572,572,521,572,520,625,572,624,728,626,728,624,焦虑
572,521,572,624,520,521,624,520,573,572,572,572,625,624,520,677,624,624,572,焦虑
468,468,417,520,468,468,469,572,468,520,521,468,468,468,469,468,416,520,364,469,416,416,468,469,焦虑
520,521,468,468,468,469,468,416,520,364,469,416,416,468,469,416,416,364,416,364,521,572,520,364,焦虑
469,572,676,521,520,624,520,521,572,520,520,521,572,520,521,572,468,572,625,468,焦虑
572,523,520,624,573,520,624,520,521,572,572,520,521,572,520,520,573,520,520,468,焦虑
572,520,520,573,520,520,468,625,520,520,573,520,520,519,521,520,468,572,521,520,624,焦虑
572,520,679,520,572,520,573,520,624,521,572,520,624,521,572,624,572,573,624,焦虑
624,417,520,520,468,573,520,572,677,572,572,676,625,572,624,573,520,624,468,521,焦虑
520,624,521,572,520,624,521,572,624,572,573,624,572,521,572,572,572,625,520,520,焦虑
572,624,572,573,624,572,521,572,572,572,625,520,520,625,572,572,676,573,572,焦虑
416,468,468,468,469,468,468,468,470,468,520,416,468,521,468,468,520,469,416,468,520,471,468,468,焦虑
470,468,520,416,468,521,468,468,520,469,416,468,520,471,468,468,468,469,468,520,468,468,469,焦虑
572,677,572,572,676,625,572,624,573,520,624,468,521,572,520,521,572,520,572,焦虑
572,624,573,520,624,468,521,572,520,521,572,520,572,521,624,572,572,573,520,520,焦虑
469,520,467,468,520,468,468,468,521,468,468,572,469,520,468,572,521,468,572,468,521,468,焦虑
521,468,468,572,469,520,468,572,521,468,572,468,521,468,520,520,469,520,468,468,469,520,焦虑
572,521,468,572,468,521,468,520,520,469,520,468,468,469,520,468,468,469,572,468,520,573,焦虑
468,520,469,468,468,572,469,468,520,520,521,468,520,468,469,468,518,520,521,520,520,520,焦虑
468,518,520,521,520,520,520,625,520,468,520,573,416,468,468,524,468,468,416,573,468,624,焦虑
729,728,572,573,572,520,521,624,468,572,573,624,624,573,572,520,520,573,520,焦虑
520,573,572,520,520,469,624,572,520,573,572,520,625,520,520,520,573,520,572,468,焦虑
520,520,520,573,520,572,468,521,520,520,520,521,520,520,468,521,520,520,468,573,468,468,焦虑
572,521,572,572,572,625,572,676,573,624,572,572,573,572,520,574,676,572,677,焦虑
572,676,573,624,572,572,573,572,520,574,676,572,677,624,572,676,573,520,572,焦虑
468,468,521,468,535,468,521,468,520,520,521,520,520,520,521,520,520,468,521,572,493,468,焦虑
468,520,520,521,520,520,520,521,520,520,468,521,572,493,468,469,520,468,468,521,468,468,焦虑
521,520,520,468,521,572,493,468,469,520,468,468,521,468,468,520,573,468,572,520,469,572,焦虑
520,520,624,625,624,624,573,520,520,520,573,728,焦虑
573,624,572,625,573,572,572,625,624,624,625,572,520,624,573,572,572,573,572,焦虑
572,521,572,520,521,572,520,572,626,572,624,573,520,572,572,521,572,572,572,625,焦虑
572,626,572,624,573,520,572,572,521,572,572,572,625,624,572,575,572,624,520,焦虑
572,572,521,572,572,572,625,624,572,575,572,624,520,573,624,624,573,572,624,焦虑
624,572,575,572,624,520,573,624,624,573,572,624,573,572,572,572,573,572,520,焦虑
573,624,624,573,572,624,573,572,572,572,573,572,520,624,573,624,624,573,572,焦虑
520,416,468,520,469,520,520,520,521,572,468,521,520,520,468,468,469,468,468,468,521,520,焦虑
572,572,572,521,572,572,572,625,572,520,625,572,572,624,625,572,676,573,624,焦虑
469,520,468,520,417,520,520,468,469,520,468,468,495,520,520,520,521,520,520,520,573,572,焦虑
468,469,520,468,468,495,520,520,520,521,520,520,520,573,572,572,520,521,520,572,573,焦虑
520,520,521,520,520,520,573,572,572,520,521,520,572,573,572,572,572,573,624,572,焦虑
572,572,520,521,520,572,573,572,572,572,573,624,572,573,572,520,572,573,624,572,焦虑
572,572,572,573,624,572,573,572,520,572,573,624,572,520,573,572,520,521,572,焦虑
573,572,520,572,573,624,572,520,573,572,520,521,572,624,572,573,520,520,573,520,焦虑
572,520,573,572,520,521,572,624,572,573,520,520,573,520,624,468,523,572,572,572,焦虑
573,520,520,573,520,624,468,523,572,572,572,573,572,572,573,520,572,572,521,520,焦虑
523,572,572,572,573,572,572,573,520,572,572,521,520,520,520,522,572,520,572,521,焦虑
520,521,572,468,521,520,520,468,468,469,468,468,468,521,520,468,520,573,520,520,572,523,焦虑
573,520,572,572,521,520,520,520,522,572,520,572,521,572,572,521,520,468,520,521,572,焦虑
520,522,572,520,572,521,572,572,521,520,468,520,521,572,572,572,625,572,520,573,焦虑
572,521,520,468,520,521,572,572,572,625,572,520,573,572,572,520,521,572,520,572,焦虑
572,572,625,572,520,573,572,572,520,521,572,520,572,521,572,520,520,521,572,520,焦虑
572,572,520,521,572,520,572,521,572,520,520,521,572,520,573,520,572,468,521,572,520,焦虑
521,572,520,520,521,572,520,573,520,572,468,521,572,520,520,521,520,572,572,573,572,焦虑
573,520,572,468,521,572,520,520,521,520,572,572,573,572,572,573,572,468,520,573,焦虑
572,572,573,572,468,520,573,520,572,520,573,520,572,520,573,520,572,521,572,468,焦虑
520,572,520,573,520,572,520,573,520,572,521,572,468,520,573,520,520,572,573,572,焦虑
573,520,572,521,572,468,520,573,520,520,572,573,572,572,521,572,572,520,521,468,520,焦虑
468,468,469,468,468,468,521,520,468,520,573,520,520,572,523,520,520,521,520,520,520,521,焦虑
468,572,469,520,572,572,573,624,572,574,520,624,520,573,572,572,520,573,572,572,焦虑
624,572,574,520,624,520,573,572,572,520,573,572,572,625,572,572,625,572,572,焦虑
573,572,572,520,573,572,572,625,572,572,625,572,572,572,573,572,520,572,625,焦虑
625,572,572,625,572,572,572,573,572,520,572,625,572,572,625,624,624,573,676,焦虑
573,572,520,575,572,520,520,573,520,520,520,521,520,572,468,521,520,520,520,521,520,焦虑
573,520,520,520,521,520,572,468,521,520,520,520,521,520,572,572,573,572,572,625,焦虑
521,520,520,520,521,520,520,520,521,496,520,520,521,520,572,520,521,572,520,468,573,焦虑
520,521,520,468,520,469,572,468,416,417,520,364,416,625,468,520,468,521,520,520,572,573,焦虑
416,625,468,520,468,521,520,520,572,573,624,624,625,624,624,572,573,624,572,625,焦虑
520,572,573,624,624,625,624,624,572,573,624,572,625,468,468,624,521,520,572,焦虑
572,521,520,572,416,521,520,520,520,625,624,676,573,624,624,573,572,520,520,焦虑
573,468,520,520,417,468,520,468,468,521,468,535,468,521,468,520,520,521,520,520,520,521,焦虑
573,468,520,520,522,624,624,624,521,572,624,573,572,624,677,572,624,572,573,焦虑
624,521,572,624,573,572,624,677,572,624,572,573,624,572,521,572,520,598,521,焦虑
624,677,572,624,572,573,624,572,521,572,520,598,521,572,520,520,521,572,572,焦虑
624,572,521,572,520,598,521,572,520,520,521,572,572,520,573,572,520,573,520,572,焦虑
521,572,520,520,521,572,572,520,573,572,520,573,520,572,520,521,520,468,520,573,520,焦虑
520,573,572,520,573,520,572,520,521,520,468,520,573,520,520,520,521,468,572,520,573,焦虑
520,521,520,468,520,573,520,520,520,521,468,572,520,573,624,624,573,572,572,572,焦虑
520,520,521,468,572,520,573,624,624,573,572,572,572,625,572,624,573,520,572,520,焦虑
624,624,573,572,572,572,625,572,624,573,520,572,520,521,520,520,520,521,520,572,焦虑
625,572,624,573,520,572,520,521,520,520,520,521,520,572,627,572,624,624,625,焦虑
468,468,468,521,468,520,468,469,468,468,468,521,468,416,468,468,469,520,468,520,521,468,520,焦虑
520,521,520,520,520,521,520,572,627,572,624,624,625,624,572,625,572,520,573,572,焦虑
572,627,572,624,624,625,624,572,625,572,520,573,572,624,572,626,676,624,焦虑
572,625,572,520,573,572,624,572,626,676,624,625,624,624,573,468,520,572,521,焦虑
520,521,572,572,520,521,468,520,468,521,468,520,520,573,572,572,625,572,624,624,焦虑
520,468,521,468,520,520,573,572,572,625,572,624,624,573,572,572,625,572,572,624,焦虑
572,572,625,572,624,624,573,572,572,625,572,572,624,521,624,468,521,520,520,焦虑
573,572,572,625,572,572,624,521,624,468,521,520,520,520,469,468,572,572,521,520,焦虑
624,521,624,468,521,520,520,520,469,468,572,572,521,520,520,520,573,520,520,520,469,焦虑
520,469,468,572,572,521,520,520,520,573,520,520,520,469,572,468,520,521,520,416,624,焦虑
521,520,520,468,521,520,520,572,625,572,572,601,520,572,572,573,572,624,625,572,焦虑
468,468,468,521,468,416,468,468,469,520,468,520,521,468,520,520,521,520,572,520,417,焦虑
573,572,624,626,624,624,625,624,624,572,573,572,624,573,572,624,573,624,焦虑
625,624,624,572,573,572,624,573,572,624,573,624,624,572,677,624,624,573,焦虑
520,520,521,572,572,573,520,572,572,521,624,520,572,573,520,572,573,520,572,520,焦虑
572,572,520,573,520,572,520,573,572,520,573,520,572,572,573,520,572,572,573,520,焦虑
573,572,520,573,520,572,572,573,520,572,572,573,520,572,521,520,572,520,521,520,焦虑
573,520,572,572,573,520,572,521,520,572,520,521,520,572,520,469,520,520,520,521,520,焦虑
521,520,572,520,521,520,572,520,469,520,520,520,521,520,520,520,523,520,468,520,521,焦虑
416,520,468,468,573,520,572,521,520,572,624,573,572,572,573,468,520,520,522,624,624,焦虑
521,520,572,624,573,572,572,573,468,520,520,522,624,624,624,521,572,624,573,572,焦虑
572,572,677,728,676,677,624,676,625,624,624,573,572,676,625,572,676,焦虑
521,572,676,521,676,572,625,676,624,624,677,624,728,573,676,728,625,焦虑
624,572,677,572,572,624,573,572,624,573,572,624,572,521,676,572,625,572,624,焦虑
573,572,624,573,572,624,572,521,676,572,625,572,624,625,572,572,624,625,572,焦虑
522,676,572,573,676,572,729,468,624,572,625,572,572,625,572,520,624,573,520,焦虑
729,468,624,572,625,572,572,625,572,520,624,573,520,624,521,520,624,572,677,焦虑
572,625,572,520,624,573,520,624,521,520,624,572,677,468,520,572,625,624,624,焦虑
572,572,573,520,572,572,573,624,572,573,572,520,520,573,520,520,520,521,520,468,焦虑
624,572,573,572,520,520,573,520,520,520,521,520,468,572,521,520,572,552,572,562,焦虑
520,521,520,468,572,521,520,572,552,572,562,572,575,624,624,521,572,676,572,625,焦虑
520,468,469,572,468,520,469,572,520,573,624,520,572,573,572,572,572,573,520,624,焦虑
572,552,572,562,572,575,624,624,521,572,676,572,625,624,572,625,624,572,572,焦虑
624,624,521,572,676,572,625,624,572,625,624,572,572,625,572,676,573,572,焦虑
625,624,572,625,624,572,572,625,572,676,573,572,676,625,572,624,572,573,焦虑
624,416,468,521,572,520,520,521,572,520,676,407,520,572,520,521,520,572,468,521,572,焦虑
520,572,520,521,520,572,468,521,572,520,521,520,572,520,521,572,520,520,572,519,546,焦虑
573,520,520,468,573,520,520,520,521,468,572,468,521,468,572,468,573,572,520,520,625,焦虑
520,521,468,572,468,521,468,572,468,573,572,520,520,625,416,520,468,573,468,468,468,521,焦虑
572,468,573,572,520,520,625,416,520,468,573,468,468,468,521,468,468,520,469,468,520,520,焦虑
416,520,468,573,468,468,468,521,468,468,520,469,468,520,520,521,520,572,520,469,572,468,焦虑
468,468,520,469,468,520,520,521,520,572,520,469,572,468,520,521,520,468,520,573,468,520,焦虑
572,520,573,624,520,572,573,572,572,572,573,520,624,523,520,572,624,548,572,520,焦虑
521,520,572,520,469,572,468,520,521,520,468,520,573,468,520,520,573,520,520,520,521,焦虑
520,521,520,468,520,573,468,520,520,573,520,520,520,521,468,520,468,523,468,520,520,469,焦虑
520,520,573,520,520,520,521,468,520,468,523,468,520,520,469,572,520,468,573,520,520,焦虑
468,520,468,523,468,520,520,469,572,520,468,573,520,520,574,520,520,520,573,468,520,焦虑
520,469,468,468,468,521,468,468,520,521,468,520,520,468,521,520,520,521,468,572,468,563,焦虑
572,520,520,573,520,520,573,572,520,520,548,624,520,520,521,572,468,520,625,468,468,焦虑
572,573,572,572,625,520,572,676,573,572,572,573,624,676,625,624,572,572,625,焦虑
573,624,614,627,572,624,521,572,572,520,573,624,520,572,573,520,520,573,520,焦虑
521,572,572,520,573,624,520,572,573,520,520,573,520,572,624,573,572,624,521,572,焦虑
572,573,520,520,573,520,572,624,573,572,624,521,572,572,520,547,572,520,624,573,焦虑
572,572,572,573,520,624,523,520,572,624,548,572,520,625,572,572,624,521,520,572,焦虑
523,520,572,624,548,572,520,625,572,572,624,521,520,572,520,573,520,624,521,520,焦虑
624,625,624,623,728,625,728,624,625,676,676,677,728,728,729,676,624,焦虑
728,624,625,676,676,677,728,728,729,676,624,729,624,676,573,572,676,焦虑
728,728,729,676,624,729,624,676,573,572,676,626,780,885,780,728,焦虑
676,626,780,885,780,728,625,728,624,573,676,572,572,677,728,676,焦虑
728,625,728,624,573,676,572,572,677,728,676,677,624,676,625,624,624,焦虑
624,625,572,624,677,624,572,625,572,624,572,521,572,572,575,520,520,520,573,焦虑
676,676,677,728,624,677,624,676,625,624,624,624,573,624,624,677,572,焦虑
624,676,625,624,624,624,573,624,624,677,572,624,573,624,624,572,625,572,焦虑
573,624,624,677,572,624,573,624,624,572,625,572,572,625,572,572,572,625,焦虑
573,624,624,572,625,572,572,625,572,572,572,625,624,624,625,624,572,625,焦虑
572,625,572,572,572,625,624,624,625,624,572,625,624,572,625,624,624,572,焦虑
624,624,625,624,572,625,624,572,625,624,624,572,573,572,572,625,624,572,焦虑
624,572,625,624,624,572,573,572,572,625,624,572,676,573,624,624,626,624,焦虑
624,572,575,520,572,572,625,572,572,573,572,624,572,573,572,572,573,572,572,焦虑
573,572,624,572,573,572,572,573,572,572,572,573,572,572,573,572,624,572,625,焦虑
520,572,520,521,520,520,572,625,572,572,573,572,572,520,625,572,520,573,572,572,焦虑
521,520,520,520,573,520,572,520,573,572,572,520,573,624,587,625,572,572,625,624,焦虑
520,573,572,572,520,573,624,587,625,572,572,625,624,624,624,573,624,624,573,焦虑
587,625,572,572,625,624,624,624,573,624,624,573,624,572,625,624,624,624,焦虑
572,572,572,573,572,572,573,624,520,624,625,676,676,677,624,572,625,624,焦虑
573,624,520,624,625,676,676,677,624,572,625,624,624,575,624,624,520,573,焦虑
572,572,624,573,572,572,625,624,676,573,572,676,676,677,676,624,625,676,焦虑
625,624,676,573,572,676,676,677,676,624,625,676,624,677,624,624,625,焦虑
573,520,520,520,521,624,572,625,676,624,677,624,624,678,624,676,677,572,焦虑
625,676,624,677,624,624,678,624,676,677,572,624,728,677,624,624,625,焦虑
520,521,520,520,520,521,468,520,572,469,468,520,520,521,520,520,520,521,520,520,572,469,焦虑
625,572,572,573,572,572,520,625,572,520,573,572,572,572,573,572,572,573,624,焦虑
520,572,469,468,520,520,521,520,520,520,521,520,520,572,469,520,572,520,573,520,572,焦虑
520,520,520,521,520,520,572,469,520,572,520,573,520,572,521,572,520,520,573,520,520,焦虑
469,520,572,520,573,520,572,521,572,520,520,573,520,520,520,469,572,520,572,573,520,焦虑
521,572,520,520,573,520,520,520,469,572,520,572,573,520,572,521,520,572,520,573,520,焦虑
520,469,572,520,572,573,520,572,521,520,572,520,573,520,572,572,469,572,520,572,521,焦虑
572,521,520,572,520,573,520,572,572,469,572,520,572,521,572,520,575,520,520,520,焦虑
572,572,469,572,520,572,521,572,520,575,520,520,520,551,520,520,520,469,520,520,520,焦虑
572,520,575,520,520,520,551,520,520,520,469,520,520,520,521,468,520,572,573,520,520,焦虑
520,520,520,469,520,520,520,521,468,520,572,573,520,520,572,521,520,520,520,469,520,焦虑
468,520,468,521,520,520,520,521,572,572,520,469,520,520,520,521,468,520,520,521,572,焦虑
520,625,572,520,573,572,572,572,573,572,572,573,624,624,572,521,520,520,572,573,焦虑
521,572,572,520,469,520,520,520,521,468,520,520,521,572,520,521,572,520,520,521,520,焦虑
520,521,468,520,520,521,572,520,521,572,520,520,521,520,468,468,469,520,520,520,469,572,焦虑
520,521,572,520,520,521,520,468,468,469,520,520,520,469,572,520,520,573,520,572,520,焦虑
572,573,624,624,573,676,624,572,573,624,572,625,624,572,572,573,572,676,焦虑
624,572,573,624,572,625,624,572,572,573,572,676,573,624,572,625,572,572,520,焦虑
677,728,624,677,676,676,677,728,728,729,728,676,652,676,624,625,焦虑
676,728,677,624,624,625,624,624,679,728,676,625,676,676,625,624,624,焦虑
624,679,728,676,625,676,676,625,624,624,572,625,624,624,625,624,焦虑
572,572,626,624,624,572,677,676,624,573,572,624,625,624,572,625,624,572,焦虑
677,676,624,573,572,624,625,624,572,625,624,572,624,625,572,624,677,624,焦虑
625,624,572,625,624,572,624,625,572,624,677,624,572,625,572,624,572,521,焦虑
