RMSSD,pNN58,SDNN,SD1,SD2,SD1_SD2,emotion
97.89450103725608,50.0,60.71159226949526,69.2218655243173,50.79496239912189,1.3627702877384933,平静
148.32396974191326,80.0,90.45340337332908,103.92304845413264,74.58978726096733,1.393261092038472,平静
92.73912580214164,36.36363636363637,58.07022916393145,65.57646473600667,49.43713485862933,1.3264616754900835,平静
52.04164998665332,16.666666666666664,32.02563076101742,36.68086846178959,26.566820287172867,1.3807022468360677,平静
43.30127018922193,8.333333333333332,29.9572344757639,30.47653924651624,29.42876739565132,1.035603660757458,平静
61.237243569579455,16.666666666666664,37.55338080994054,43.30127018922193,30.749192192849893,1.4082083821145317,平静
67.4199862463242,18.181818181818183,39.88620176087328,47.67312946227961,30.15113445777637,1.581138830084189,平静
67.4199862463242,18.181818181818183,39.88620176087328,47.67312946227961,30.15113445777637,1.581138830084189,平静
114.564392373896,25.0,68.87372317211944,80.52561704203204,54.79785111826454,1.469503190339379,平静
138.4437310486346,58.333333333333336,80.26398751811233,97.71699499632145,57.75815330760042,1.6918303200573903,平静
38.18813079129867,8.333333333333332,50.0,25.51551815399144,65.94663246393506,0.3869116162670684,平静
77.62409419761367,41.66666666666667,47.70542623546815,54.80939193645962,39.33886043304942,1.3932633363831015,平静
73.60083785754978,33.33333333333333,46.342233050453714,52.043618191325294,39.83298800944619,1.3065456746298674,平静
77.72815877574013,41.66666666666667,52.19539227133919,54.883082801331206,49.36157585551916,1.111858400995411,平静
54.24097467167541,16.666666666666664,38.9218480600582,37.88959656393529,39.927421467491925,0.9489617704159586,平静
84.21077452116532,36.36363636363637,49.903239707791855,59.4592019305244,38.016706491380745,1.5640282238548244,平静
79.05694150420949,50.0,49.08249086070214,55.78978401105349,41.29990094639233,1.3508454677280988,平静
82.915619758885,50.0,52.50152622934173,58.55612217731331,45.65086054365318,1.2826948162635314,平静
84.16254115301732,50.0,47.3665466715671,59.511903571190416,30.749192192849907,1.935397300779456,平静
90.13878188659972,33.33333333333333,57.735026918962575,63.12190586476299,51.79084539440022,1.2187850069654955,平静
85.28028654224417,27.27272727272727,54.18123347254159,59.95866344669509,47.70923179949632,1.256751810607189,平静
45.22670168666454,9.090909090909092,30.15113445777636,31.818181818181817,28.38635453817454,1.1208970766356097,平静
47.67312946227961,9.090909090909092,30.15113445777636,33.7099931231621,26.11164839335468,1.2909944487358054,平静
65.71287406727708,27.27272727272727,43.30127018922193,46.35472285084349,40.01549286740684,1.1584193903206936,平静
83.93720596645176,36.36363636363637,56.90901829794961,58.564085121477845,55.204353643141445,1.0608599006530317,平静
83.93720596645176,36.36363636363637,52.22329678670936,59.26547641093317,44.069816885603,1.3448087738774877,平静
86.39497039232613,45.45454545454545,64.26295412387508,61.00243864519809,67.36584464543876,0.9055395796826616,平静
75.079351961169,45.45454545454545,54.01486888446607,52.99173489273727,55.01897994574211,0.9631537143181492,平静
62.587272401556746,25.0,47.192051699303605,44.15770349302348,50.0427488194015,0.8823996390043146,平静
70.71067811865476,41.66666666666667,53.40940088190563,49.65156369922077,56.91968400606618,0.8723091943716551,平静
66.14378277661477,33.33333333333333,43.11582492512881,46.6778260466835,39.23173808925974,1.1897975547369957,平静
77.72815877574013,41.66666666666667,49.354811679282456,54.88308280133121,43.123567732935705,1.272693464075658,平静
70.71067811865476,25.0,42.74252071325552,50.0,33.968311024337886,1.471960144387974,平静
63.960214906683134,18.181818181818183,39.64807305493795,44.76753546270957,33.76103023508666,1.3260121255477637,平静
54.3557306504609,18.181818181818183,33.42789617107607,38.30068078716527,27.71112296692709,1.382141056963902,平静
65.71287406727708,36.36363636363637,39.88620176087328,46.35472285084349,32.14121732666126,1.4422205101855952,平静
86.60254037844386,54.54545454545454,49.81024599478109,61.15283657760778,34.963578058225224,1.749044004471433,平静
81.18441408859887,45.45454545454545,49.8102459947811,57.31600096781133,40.95115682345328,1.3996186045466164,平静
90.13878188659972,50.0,52.19539227133919,63.66961162473386,37.34834004709586,1.7047507745845507,平静
80.36375634160795,41.66666666666667,47.3665466715671,56.74932696615098,35.59063607282647,1.5945016225624362,平静
87.79711460710615,58.333333333333336,50.63696835418333,62.01198360890508,35.815066900593905,1.73144960976959,平静
95.7427107756338,66.66666666666666,55.75817750764779,67.44339190099436,40.85752815378836,1.650696822557067,平静
54.00617248673217,16.666666666666664,35.35533905932738,37.7307714089059,32.80836614171588,1.1500350625790894,平静
108.93652586101076,41.66666666666667,66.02379136069834,76.52096662571202,53.50536158132861,1.4301551164998574,平静
112.69649506528586,41.66666666666667,66.02379136069834,79.63397167317756,48.7515395329994,1.633465782537476,平静
74.94775958403739,25.0,51.88905818160857,52.25378774149616,51.52174671549272,1.014208389130241,平静
79.05694150420949,33.33333333333333,57.17718748968656,55.90169943749474,58.4248366575512,0.9568139619311996,平静
105.00039682464696,58.333333333333336,59.31294665606862,74.19032862247687,39.13880965154883,1.8955693666463087,平静
98.91326166562972,58.333333333333336,59.10800631265117,69.88015534549928,45.87239594136882,1.5233596133678224,平静
72.23284109969185,33.33333333333333,47.79443160356332,50.29534300288425,45.1552195968263,1.113832319983208,平静
45.633918804487365,9.090909090909092,29.15930643062608,32.101080026114,25.885342651534053,1.2401257521778093,平静
69.2218655243173,41.66666666666667,41.60251471689218,48.85849749816072,32.7778230479189,1.490596170060867,平静
119.895788082818,66.66666666666666,77.83117824941563,84.72791419859482,70.26069435281843,1.2059077266320248,平静
118.07518791007702,58.333333333333336,77.74514577970571,83.02883953449214,72.07514960214054,1.151975958327061,平静
135.0018518391507,58.333333333333336,83.58267824474221,95.46072490820504,69.70924045726079,1.3694127820361588,平静
114.09279848731325,41.66666666666667,72.93419935734839,80.6219745341044,64.3342217953796,1.2531740073040654,平静
106.60035817780522,45.45454545454545,72.16878364870321,75.10323473571958,69.1098458896999,1.0867226481098684,平静
89.18825850158447,45.45454545454545,68.5344416842342,62.98366572977736,73.66815624935283,0.8549645998549158,平静
102.247471629109,63.63636363636363,72.16878364870321,72.29988054812212,72.03744817380706,1.0036429993144935,平静
96.39588511273011,50.0,70.01950277766024,68.09847852762775,71.88921171277205,0.9472697906288096,平静
82.41460226602241,33.33333333333333,64.29230124983862,57.60172161778964,70.3494254892438,0.8187944850608162,平静
105.75325054105902,41.66666666666667,68.86562537996993,74.5509473447521,62.66661765205393,1.1896437072554953,平静
101.03629710818451,58.333333333333336,63.04251719561152,71.38267374588256,53.41565161642081,1.3363625002365112,平静
70.71067811865476,38.46153846153847,44.629118765199046,49.703261474308015,38.89861542951178,1.2777642835225165,平静
69.33752452815364,38.46153846153847,41.437096508237246,48.9535463898379,32.21205100461508,1.5197277063427053,平静
61.237243569579455,25.0,43.4859246311452,42.89845892077918,44.065559162156376,0.973514457468192,平静
59.511903571190416,25.0,44.93585171364585,41.97800349918726,47.71067763806924,0.8798450488930434,平静
81.18441408859887,45.45454545454545,56.90901829794961,56.5904527181306,57.22581050915532,0.9888973561864524,平静
73.85489458759965,36.36363636363637,46.87184332805461,52.22329678670936,40.82482904638631,1.2792042981336624,平静
72.29988054812212,36.36363636363637,54.18123347254159,50.20618644176027,57.88394392391838,0.8673594616799157,平静
78.33494518006403,27.27272727272727,48.26536495817114,55.29784118452928,40.015492867406834,1.3819107855989978,平静
120.07800494981282,63.63636363636363,66.58464651490726,84.90797157136447,40.71445279832048,2.08545039256593,平静
106.0042880779315,54.54545454545454,73.09313278691823,73.84555023328215,72.33288900601111,1.0209124956580309,平静
104.64423857368674,66.66666666666666,71.60369923118319,73.47190978719539,69.68542142659187,1.0543368796957375,平静
102.06207261596576,58.333333333333336,72.27972727092276,71.92781875680029,72.62993072836322,0.9903330215997476,平静
73.59800721939872,33.33333333333333,52.501526229341714,52.04164998665332,52.9574091085202,0.982707629823991,平静
76.37626158259734,41.66666666666667,50.0,54.00617248673217,45.64354645876384,1.1832159566199232,平静
57.735026918962575,25.0,47.70367937215143,40.39733214513608,54.030894929083,0.7476709796896509,平静
62.91528696058958,25.0,50.63696835418333,43.60093653428406,56.80812848121703,0.7675122856529276,平静
150.0,63.63636363636363,109.66546927595374,103.65231137264892,115.36563028102324,0.8984678636103193,愉悦
121.4495780149112,60.0,78.91307069980694,85.22030274529656,72.05584955120197,1.1826979110799338,愉悦
139.44333775567927,66.66666666666666,79.05694150420949,98.28781118307852,53.28701692569689,1.8444982822012812,愉悦
142.43946082459033,33.33333333333333,78.83942893981131,100.64630650126055,47.97532802144695,2.097876359621085,愉悦
115.6745434397733,40.0,89.41842397098344,81.79425407692156,96.441739360658,0.8481208926670223,愉悦
119.895788082818,33.33333333333333,87.8883324131194,84.31710977020026,91.32000300436891,0.923314794089159,愉悦
92.4211375534118,33.33333333333333,66.02252917735247,64.75112611633355,67.26990697641394,0.962557093159598,愉悦
204.34173693728223,81.81818181818183,117.97688525531368,143.58773630268334,84.96854060510854,1.689892933079875,愉悦
125.49900398011133,50.0,93.17627477967866,85.22030274529656,100.5044096725928,0.847926006658948,愉悦
132.1763972878668,60.0,81.62118708900393,93.4628268350578,67.74021230876356,1.3797244450467496,愉悦
62.09793753542743,23.07692307692308,47.56447330602034,43.909872728999375,50.95764239720397,0.8616935686845806,悲伤
56.02741675797152,21.428571428571427,31.692270350986213,39.61733412617899,20.95869358368249,1.890257804857804,悲伤
65.58309886809907,35.714285714285715,37.801108575328975,46.09838635451133,27.070027605413017,1.7029308956187887,悲伤
80.27185950612723,57.14285714285714,44.18898807018177,56.76077619523639,26.144743621761148,2.1710205698093934,悲伤
83.49679206840395,64.28571428571429,46.292547996410825,58.98711377781366,28.39930295206672,2.0770620278030787,悲伤
70.87413390753257,42.85714285714285,39.949372722889926,50.115478891154936,26.083395818316426,1.921355610298356,悲伤
72.17290746137758,35.714285714285715,44.198362391555165,50.96890308445585,36.18233539391595,1.4086681395647629,悲伤
51.45498406000516,15.384615384615383,31.429670310459446,36.38412749713548,25.531228288520342,1.425083317025329,悲伤
43.60575120854517,7.6923076923076925,32.198218502353114,30.36006798099521,33.93695362933889,0.8946020409665936,悲伤
60.973512534290094,15.384615384615383,39.49913060665157,43.11474987524262,35.51733352263235,1.213907284108731,悲伤
72.60748001305481,30.76923076923077,45.50642992847456,51.04059180529081,39.198575456717954,1.3021032323393615,悲伤
91.75552802462052,53.84615384615385,53.44834211390728,64.88095607756148,38.78030541282633,1.67303881150205,悲伤
76.72678802087313,30.76923076923077,46.0621295667035,54.25400484222449,36.05471562804846,1.504768624496321,悲伤
85.78086699758369,42.85714285714285,55.70286818297173,60.17485151707515,50.83902332379141,1.1836350815361711,悲伤
75.64626324450629,35.714285714285715,54.99670985830058,53.489961865832015,56.46326389846791,0.947340946531492,悲伤
151.3650706582751,61.53846153846154,92.778360493297,107.03126789724725,75.89437425762232,1.4102661619414796,悲伤
113.0105509029339,46.15384615384615,84.67663118081559,79.181463373771,89.83629330204973,0.8813972667766378,悲伤
97.87393775825969,30.76923076923077,57.452942999820806,69.15170699181371,42.65820834024398,1.6210644957297848,悲伤
60.83963788897447,23.07692307692308,38.10857825035902,42.93058936188251,32.58054587585808,1.3176755701227747,悲伤
66.97645969925668,30.76923076923077,41.64950562349232,47.27497305047436,35.134592077318324,1.3455392607501897,悲伤
59.23291704397531,23.07692307692308,40.36025953150636,41.53639596003863,39.14880470144634,1.0609875902163644,悲伤
69.33752452815364,30.76923076923077,41.271015292777854,48.9535463898379,31.78275794281225,1.5402548286691045,悲伤
55.472793054169976,15.384615384615383,32.31268930482094,39.2251881399616,23.443642967857944,1.673169489645475,悲伤
50.15744442023767,7.6923076923076925,32.70253879985534,35.358016758755376,29.811453148071504,1.1860547885114645,悲伤
58.90931753388162,15.384615384615383,32.58707692349196,41.65517790327928,19.71500237588924,2.112866998901411,悲伤
68.05936322855895,30.76923076923077,37.90415906896333,48.12520652380185,23.60963884713127,2.0383711430490346,悲伤
51.60426338976267,15.384615384615383,30.40902483159877,36.489684041111104,22.757867672465785,1.6033876532843685,悲伤
83.20780288854202,61.53846153846154,49.72606277075753,58.5848396084914,38.899604180633695,1.506052332472269,悲伤
60.45087007072514,23.07692307692308,43.22367076366507,42.65861456317708,43.78143478829497,0.9743539646302756,悲伤
68.79400689460809,30.76923076923077,39.90455646130685,48.5686240550785,28.737362616351955,1.690086341724424,悲伤
62.774933752990194,23.07692307692308,38.22576083230773,44.30181584962364,30.980101595114547,1.4300087336256468,悲伤
53.78089452012318,15.384615384615383,42.71120757772195,37.92752353397356,47.01061012233714,0.8067864559782061,悲伤
50.31133837646112,7.6923076923076925,30.69058630772778,35.4713819143157,25.01210188914424,1.4181687757201644,悲伤
135.70669730086166,30.76923076923077,75.1794921767635,95.9591259138694,45.77945217844184,2.096117829017138,悲伤
134.96751745968646,30.76923076923077,75.17949217676352,95.39612213472408,46.94136735938674,2.032239951690457,悲伤
66.8153104781061,28.57142857142857,36.1873432227873,47.17801719151039,19.831346724949626,2.378961844893579,悲伤
69.182470942532,35.714285714285715,38.52914790253268,48.85675125156341,24.12484887690146,2.025162996910697,悲伤
71.16070652998152,30.76923076923077,43.421015826263385,50.24466764960173,35.30216145720112,1.4232745411500167,悲伤
106.45258966391492,69.23076923076923,57.51717373728715,75.22420138075765,30.94786060582812,2.43067533290464,悲伤
82.65917046243848,38.46153846153847,50.80732836298928,58.19010875910484,42.15068769750715,1.3805257265718651,悲伤
68.09709454678874,35.714285714285715,41.69732205629837,47.88093758139527,34.42018520664675,1.3910714684983496,悲伤
86.11620056644394,57.14285714285714,48.26681794240962,60.840960289755394,30.94751976478627,1.9659397829671463,悲伤
77.91563484850877,38.46153846153847,42.80655439183466,55.030169240401385,25.22860818941425,2.18126060808585,悲伤
66.97531118025736,15.384615384615383,38.18376618407357,47.28054255338037,26.08735892837733,1.812392840654693,悲伤
49.55649456777743,7.6923076923076925,31.38952369505147,34.93603622649448,27.387547688419648,1.2756175406411645,悲伤
64.40855174944969,23.07692307692308,45.51536390767794,45.217750612057216,45.81104378730637,0.9870491233947054,悲伤
74.4787011371501,38.46153846153847,47.38525759519133,52.59412525971241,41.52810208630965,1.2664707178383392,悲伤
54.0892120218335,14.285714285714285,32.367973589425006,38.24681526024122,25.15059742869757,1.5207119977436594,悲伤
50.09847445638582,14.285714285714285,33.92849624051819,35.42482699106572,32.36305527818373,1.094607004393246,悲伤
50.17814418495521,15.384615384615383,42.97667396966063,35.376922240620864,49.421274606894514,0.7158237524631873,悲伤
62.26864873581741,30.76923076923077,42.763597541896246,44.03058377641963,41.45790927866771,1.0620550949749823,悲伤
57.07889277132134,21.428571428571427,45.14843244655292,40.043598688409205,49.73200286378518,0.8051877339042166,悲伤
56.824290580701486,21.428571428571427,37.16308972751375,39.86213486403315,34.25201717084862,1.163789410276228,悲伤
61.252405200589,28.57142857142857,37.17077705223105,43.24408653686841,29.887828842610325,1.446879489460151,悲伤
61.134512114096175,28.57142857142857,36.195237781996106,43.15479967157625,27.529143493697703,1.5676041530843758,悲伤
58.71967302361279,23.07692307692308,57.06233337421359,41.52107898405339,69.19696366329796,0.600041920713295,悲伤
50.23559877831043,7.6923076923076925,48.81232280011736,35.41344979009392,59.25515410704972,0.5976433666194905,悲伤
58.24660218988458,16.666666666666664,51.74221110714549,40.762864363426566,60.7692497024746,0.6707811033211859,悲伤
56.69719065854523,21.428571428571427,31.97141580492532,40.09084072707981,20.906155718801493,1.917657232937617,悲伤
55.242323319301896,21.428571428571427,32.00595182744847,38.98050271400735,23.00613641890289,1.694352411210567,悲伤
32.9761818806934,0.0,20.71576349408482,23.31768182547926,17.736161607614786,1.314697189918935,悲伤
44.97380189780331,7.142857142857142,29.874021203332216,31.696785712273662,27.93256274000812,1.1347611032794356,悲伤
50.01461324914488,15.384615384615383,37.150126085006335,35.26509916241426,38.94401773480524,0.9055331528081388,悲伤
64.99704135278301,30.76923076923077,42.49654155288456,45.959848697615314,38.72472589450305,1.186834706663199,悲伤
56.77621387111385,23.07692307692308,42.40231177608179,40.05462246813829,44.62666587195374,0.8975490703936092,悲伤
53.45224838248488,21.428571428571427,38.72983346207417,37.79644730092272,39.64124835860459,0.9534625892455924,悲伤
76.44092023068721,35.714285714285715,45.6190227656757,53.99520481354935,35.30875717627758,1.5292298322475757,悲伤
81.71526549785307,38.46153846153847,46.71799897867447,57.71737916770101,32.15349124363779,1.79505792171547,悲伤
80.52997530781269,30.76923076923077,46.27485966875143,56.94329162893959,32.25192727864203,1.765577949403624,悲伤
108.33662136790016,47.05882352941176,62.81209658277762,76.60555962008164,44.9700699303713,1.703478774631497,悲伤
63.86760860225963,14.285714285714285,78.4418498604145,45.08769799184786,101.35752122483828,0.4448382068443762,悲伤
41.60528812542944,0.0,30.78889481543701,29.2984035350758,32.21048956796444,0.9095919971429148,悲伤
48.05205510693585,7.6923076923076925,36.425748651677225,33.530874229987184,39.106915028458985,0.8574154776869004,悲伤
57.32364259186605,15.384615384615383,32.64729933464871,40.44259574132029,22.273050024557698,1.8157637008281,悲伤
60.899033717229926,23.07692307692308,37.96101238821828,42.972676057862216,32.17803653896487,1.3354660718911782,悲伤
73.33484846919642,46.15384615384615,42.74791942755361,51.85545454125799,31.077018278605127,1.6686109998190437,悲伤
64.34701594898137,30.76923076923077,36.94456792142925,45.50017881491621,25.681431533558424,1.7717150523895149,悲伤
69.19648723854301,23.07692307692308,41.277405148872624,48.92930536066216,31.836636577556828,1.5368867638221173,悲伤
57.40343061310749,7.6923076923076925,36.98588979538067,40.590318605512834,32.989970042651564,1.2303836151725829,悲伤
66.1329829099779,21.428571428571427,40.39389392800188,46.69484086347555,32.90782840097518,1.4189584403597963,悲伤
64.54400492244474,28.57142857142857,35.37109392871933,45.572352207388704,20.62496753244197,2.2095720701477872,悲伤
66.34409138377329,30.76923076923077,37.70271217690453,46.8334579234236,25.48757010630716,1.8375018775067216,悲伤
60.39549142622639,23.07692307692308,37.70271217690454,42.62281246013495,32.03568118484726,1.3304793556347212,悲伤
55.95808871206818,15.384615384615383,32.762213560176875,39.568306604831655,24.10548458652741,1.641464889983852,悲伤
65.59398927166596,28.57142857142857,39.95116066017655,46.38195461907264,32.26305568145649,1.4376181561045107,悲伤
54.8550537605873,15.384615384615383,31.429670310459446,38.78838049646391,21.70506600104893,1.787065770479085,悲伤
49.5825430109083,14.285714285714285,35.09103806359898,34.69443877097096,35.48320480352996,0.9777707217562116,悲伤
43.84387886907036,7.142857142857142,33.5781958731442,30.899276789634563,36.05863516646223,0.8569175357578055,悲伤
62.51399843235114,28.57142857142857,41.60814938492332,43.91457384420765,39.16613836667873,1.121238285813971,悲伤
96.0392547947893,53.84615384615385,57.82827932862856,67.91000832549817,45.56808696281365,1.4902975492676902,悲伤
96.23968476193656,53.84615384615385,54.209656088069885,68.05171197669152,35.30351432102821,1.9276186318979909,悲伤
56.824290580701486,21.428571428571427,38.82377769210145,40.18084120572888,37.417528360000325,1.0738507583703087,悲伤
44.56616269259512,7.142857142857142,28.136063961366293,31.41168377452919,24.42503455320319,1.2860445992863394,悲伤
59.887990687377616,14.285714285714285,42.26109321823088,42.0449225258423,42.476163783890826,0.9898474527915802,悲伤
88.79535677396305,46.15384615384615,54.596421409916886,62.72887088576957,45.01807657969088,1.3934151712307632,悲伤
94.05399431259605,53.84615384615385,54.596421409916886,66.50621717611763,39.22322702763682,1.6955824957813166,悲伤
65.3692806839945,28.57142857142857,40.65651707847564,45.946286297042505,34.566508898281384,1.3292139634999969,悲伤
69.34592376525922,35.714285714285715,40.65651707847564,48.96989912597496,30.130611369446164,1.625254082153564,悲伤
65.3692806839945,28.57142857142857,39.76837700389355,45.946286297042505,32.43433974289938,1.41659385272676,悲伤
65.76414735190502,30.76923076923077,38.2093711536325,46.502274551483374,27.521819515623395,1.6896511702318695,悲伤
52.78694477294115,15.384615384615383,32.15792076816951,37.32600660706646,25.98139655663196,1.4366435817145753,悲伤
64.28542124475335,30.76923076923077,37.66626146496693,45.375227190654925,27.903104896963622,1.626171257937413,悲伤
55.47001962252291,15.384615384615383,31.666184688832544,39.22322702763681,21.610945537689155,1.8149704259460608,悲伤
63.75735251718032,28.57142857142857,47.67878633802109,45.01802360143759,50.19871397111425,0.8967963527380846,悲伤
76.22335600063802,42.85714285714285,49.16832119895706,53.83885631195737,44.00483121281149,1.2234760327016736,悲伤
81.03835070948992,50.0,55.40732287858192,57.2492981865904,53.501969256147135,1.0700409533058957,悲伤
61.09261569377835,23.07692307692308,37.49051162012145,43.12003337320727,30.85027787509237,1.3977194483561248,悲伤
29.91177503449579,0.0,22.74600959247473,21.01141575041374,24.357387235193567,0.8626301149433101,悲伤
55.23779761824584,14.285714285714285,35.47192048447818,38.96718268659684,31.592292718061373,1.233439530152214,悲伤
53.45091205957107,15.384615384615383,37.194248048751945,37.701411773355936,36.6800726024368,1.027844524245879,悲伤
63.26561832100008,30.76923076923077,42.52684995426968,44.656082233816406,40.28523617397025,1.1084974664408278,悲伤
53.06532362502439,14.285714285714285,42.88667236644348,37.18819348521621,47.91212371247444,0.7761750180055964,悲伤
59.7088172478978,21.428571428571427,48.06047777342131,41.91731413735613,53.50287677433104,0.7834590710731038,悲伤
57.44964350160529,15.384615384615383,46.964330631324366,40.53189262206524,52.61617986674895,0.7703313453145535,悲伤
73.37993857053428,38.46153846153847,46.43913658320326,51.887452166277086,40.26014308070852,1.2888044650576524,悲伤
121.28302201285813,64.28571428571429,66.62439135789177,85.61118799668698,39.348996650676696,2.175689224218496,悲伤
121.25624488279738,61.53846153846154,66.54206304170434,85.74111301784262,38.78342231100611,2.21076707285604,悲伤
67.94341537123147,23.07692307692308,42.44382195300068,47.734348715964245,36.39214196250018,1.3116663692165054,悲伤
50.28987401626125,7.142857142857142,39.9668910593804,35.20700446310799,44.21732238206488,0.7962265141000128,悲伤
76.30390366348051,28.57142857142857,51.91843419753536,53.95500771145212,49.79864216928773,1.0834634311520996,悲伤
85.4049178911847,35.714285714285715,58.64014552051066,60.17025165040836,57.069029689139306,1.0543415925969255,悲伤
88.64858390618221,42.85714285714285,54.64691861656716,62.63312353112614,45.27320692535621,1.3834479106901336,悲伤
64.6628619401099,21.428571428571427,44.43882901033199,45.65375456764152,43.18974116033344,1.0570508954466968,悲伤
80.17881800789318,50.0,48.11266539518021,56.46501987414646,37.96522979608299,1.4872824470555994,悲伤
79.33023203221906,50.0,45.146850335744304,56.03807014987623,30.59756337282009,1.831455317767395,悲伤
53.85562711015973,21.428571428571427,34.01890230865356,38.08167913464801,29.399951409094925,1.2952973494666178,悲伤
61.60183206923082,28.57142857142857,35.40675211365899,43.48870953641712,24.819515171198105,1.7521981890638922,悲伤
60.13674892633099,21.428571428571427,35.29805066788223,42.523102964321474,26.14747552232292,1.6262794826222582,悲伤
30.49004521385393,0.0,23.280484367404224,21.40528496633007,25.01550879498774,0.8556805756682816,悲伤
50.4444531850912,14.285714285714285,31.2173639105516,35.66957916139494,26.01401048467149,1.3711680166506008,悲伤
56.83308895353129,21.428571428571427,38.92116574381018,39.868405986675306,37.95028971952544,1.050542862289744,悲伤
71.96576567070922,42.85714285714285,41.71650352877944,50.82726349397255,29.95200525920793,1.6969569500975927,悲伤
80.17837257372732,57.14285714285714,45.77377082170634,56.4692439315782,31.64965529468068,1.7841977552617747,悲伤
98.31545438754056,71.42857142857143,55.83223168778135,69.47178622745102,37.52528625931502,1.8513326120252,悲伤
93.66505675620368,64.28571428571429,61.319615443145416,66.23119679253448,55.97873746003073,1.1831491705189687,悲伤
96.28603221651622,46.15384615384615,66.72528558398034,68.03231915570821,65.39213272881784,1.0403746798997864,悲伤
67.49130998192969,15.384615384615383,48.40352362071483,47.42493289773882,49.362718092171214,0.9607439527374868,悲伤
