RMSSD,pNN58,SDNN,SD1,SD2,SD1_SD2,emotion
82.64035679635327,21.428571428571427,47.13506429097436,58.43555669037718,32.0735761291797,1.8219220848658049,平静
91.69281012473895,42.85714285714285,51.64116113924555,64.78740744361751,33.70772736856851,1.92203427822992,平静
75.27992206868088,46.66666666666666,51.54011382732224,53.23094338195908,49.791900278392,1.0690683240514824,平静
140.15297764534702,64.28571428571429,102.12037714663724,98.97433186107872,105.17235611031978,0.94106793383292,平静
93.02605094190636,46.15384615384615,77.74288420142415,65.72310573321178,88.13844485066181,0.7456803423814696,悲伤
84.35273922869735,38.46153846153847,65.04436355879909,59.5843591724218,70.08025830110998,0.8502303018977038,悲伤
65.19531096197464,28.57142857142857,44.02542555431003,45.82252810171709,42.15177468201709,1.0870841962738529,悲伤
65.19531096197464,28.57142857142857,45.6190227656757,45.8225281017171,45.41460552022689,1.0089821892498554,悲伤
63.81110516874898,28.57142857142857,42.93017586733136,45.05053851407509,40.699496060661936,1.1069065436812289,悲伤
66.50621717611763,30.76923076923077,42.09486930705477,46.94829082974501,36.60347021966257,1.2826185754520465,悲伤
84.51542547285166,28.57142857142857,53.00494136893097,59.76143046671968,45.25062483125563,1.3206763594884354,悲伤
42.25771273642583,7.142857142857142,31.99702367110922,29.88071523335984,33.981787839398685,0.8793155726408239,悲伤
72.05766921228921,30.76923076923077,47.026997156298016,50.87983290508828,42.828956637154015,1.1879774082787289,悲伤
66.8153104781061,28.57142857142857,44.98677054212187,47.17801719151038,42.683178671422766,1.1053070239845326,悲伤
44.565361308660215,7.142857142857142,28.16025568065745,31.407013710381342,24.48672068276841,1.2826141204151855,悲伤
38.17815381303068,0.0,23.045503641605197,26.99603145437704,18.259374630714,1.4784751395027051,悲伤
52.57548685634607,9.090909090909092,32.70900163378252,36.616507138738974,28.26639313241527,1.2954078352765843,悲伤
62.01736729460423,23.07692307692308,46.43913658320326,43.85290096535146,48.888750138553256,0.8969937018449042,悲伤
63.54889093022425,23.07692307692308,41.437096508237246,44.85347611419462,37.71248618878512,1.189353464782523,悲伤
73.37993857053428,38.46153846153847,43.85290096535146,51.60156871153361,34.40104580768907,1.5,悲伤
73.37993857053428,38.46153846153847,45.69367667316877,51.60156871153361,38.89861542951177,1.3265656924226743,悲伤
77.21099961494127,46.15384615384615,45.69367667316877,54.52864184137625,34.6763809351421,1.5725009464905049,悲伤
62.01736729460423,23.07692307692308,37.79644730092273,43.85290096535146,30.56249227510634,1.434860107958878,悲伤
82.04126541423669,30.76923076923077,49.72451580988469,57.94815066661293,39.83800671939389,1.454594630569272,悲伤
93.02605094190636,53.84615384615385,55.47001962252291,65.72310573321178,42.82895663715402,1.5345483731956508,悲伤
79.77240352174657,54.54545454545454,54.18123347254159,56.40760748177662,51.85936693977222,1.0877033564117082,悲伤
74.6787993805677,46.15384615384615,50.95246653650681,52.73580461846957,49.1044051338604,1.0739526214544264,悲伤
121.74328963613792,57.14285714285714,67.78818551368738,86.04845573683399,42.26274311710392,2.036035746624544,悲伤
101.77004891982148,28.57142857142857,63.24555320336759,71.7848258651492,53.35671256280887,1.3453757253250502,悲伤
50.0,15.384615384615383,32.3103086329432,35.25058226889108,29.07419023147901,1.2124355652982144,悲伤
79.66275068156915,46.15384615384615,47.026997156298016,56.26438014741459,35.459786374203404,1.586709506754003,悲伤
82.04126541423669,46.15384615384615,53.45224838248488,57.94815066661294,48.54170937045008,1.193780594424,悲伤
72.05766921228921,30.76923076923077,49.724515809884686,50.87983290508828,48.54170937045007,1.0481673094120898,悲伤
55.47001962252291,15.384615384615383,54.97252060782753,38.84424976293106,67.34300486547266,0.5768119471432562,悲伤
55.47001962252291,15.384615384615383,57.53641942665149,38.84424976293107,71.49827537244622,0.5432893249604276,悲伤
57.17718748968656,23.07692307692308,41.27101529277785,40.33880185269813,42.182632346525786,0.9562893448971892,悲伤
33.96831102433787,7.6923076923076925,37.79644730092273,24.01922307076307,47.75164688489582,0.5030030300035687,悲伤
40.08918628686366,7.142857142857142,29.680841985233183,28.2346219657891,31.05979530444046,0.9090408255766108,悲伤
50.0,14.285714285714285,36.83941988065036,34.99271061118826,38.59787453173227,0.9065968278232492,悲伤
76.05918747922567,38.46153846153847,45.929233669793646,53.5006497776169,36.83299450712354,1.4525196903898168,悲伤
77.21099961494127,38.46153846153847,44.629118765199046,54.52864184137625,31.78275794281223,1.7156674049335632,悲伤
57.17718748968656,15.384615384615383,34.9646603376534,40.33880185269813,28.59783226301781,1.410554530206946,悲伤
55.47001962252291,15.384615384615383,34.9646603376534,39.22322702763681,30.10968957982475,1.302677894557859,悲伤
94.14688716912718,36.36363636363637,56.90901829794961,65.86989430086108,46.2431589758541,1.4244246232238391,平静
61.237243569579455,21.428571428571427,44.185755084426845,43.22756584610787,45.12360198147211,0.95798127693479,平静
55.097316501933975,14.285714285714285,42.25771273642583,38.87775188763793,45.38666081121013,0.8565898260141545,平静
77.21099961494127,38.46153846153847,61.12498455021266,53.98334172160845,67.51537816746287,0.7995710486536859,平静
86.60254037844386,46.15384615384615,56.93644036781928,61.176822002257175,52.35372893329208,1.1685284553504731,平静
141.4213562373095,58.333333333333336,89.33515114874564,100.0,77.21099961494126,1.2951522516054668,平静
77.26378393330414,30.76923076923077,46.8823638904444,54.56601235331396,37.66247978784824,1.4488162399471003,平静
34.08812109811862,0.0,25.680625099372204,24.1039415863879,27.16595315811708,0.8872849572438337,平静
53.70861555295747,7.6923076923076925,31.666184688832544,37.8802223146004,23.8868847464661,1.585816765838606,平静
50.0,7.142857142857142,33.806170189140666,34.99271061118826,32.576440717118224,1.0741723110591497,平静
50.0,15.384615384615383,30.7863963107441,35.25058226889108,25.55388121809557,1.3794609894300105,平静
43.85290096535146,7.6923076923076925,26.72612419124244,31.008683647302117,21.61094553768916,1.4348601079588783,平静
36.68996928526714,0.0,37.9777262656375,25.8007843557668,47.10557197659959,0.547722557505166,平静
39.22322702763681,0.0,30.56249227510633,27.735009811261456,33.149677206589786,0.8366600265340758,平静
58.83484054145521,7.6923076923076925,37.2473171834246,41.60251471689218,32.3103086329432,1.2875926129184283,平静
58.83484054145521,7.6923076923076925,37.247317183424606,41.60251471689218,32.31030863294321,1.2875926129184276,平静
60.447052482698886,15.384615384615383,43.22189107537832,42.65590964003622,43.780556289805205,0.9743117323059032,平静
51.887452166277086,15.384615384615383,42.09486930705478,36.68996928526714,46.88072309384955,0.7826237921249263,平静
70.71067811865476,30.76923076923077,50.41040360093133,49.70326147430802,51.10776243619114,0.972518832855642,平静
61.237243569579455,21.428571428571427,36.83941988065036,43.22756584610787,29.08028997974612,1.486490192367926,平静
53.22906474223771,13.333333333333334,36.51483716701107,37.56475889861548,35.433819375782164,1.0601385783517805,平静
57.0087712549569,20.0,41.00997661323622,40.15594601052253,41.84658126581385,0.9595992025118556,平静
79.05694150420949,50.0,52.32681184722836,55.38593721168151,49.07737192815187,1.1285432580368246,平静
82.04126541423669,46.15384615384615,46.88072309384955,57.94815066661295,32.212051004615056,1.7989587393336317,平静
73.69688439296989,30.76923076923077,42.76359754189625,52.11156670659005,30.689333079022187,1.698035163306013,平静
42.25771273642583,7.142857142857142,57.32115042211108,29.88071523335984,75.35629654230247,0.3965257928590721,平静
44.32026302139592,7.142857142857142,70.37315505489968,30.409618510582863,94.76295165729442,0.3209019767615276,平静
79.66275068156915,46.15384615384615,52.5451140543915,56.26438014741459,48.54170937045008,1.1590935069473618,平静
99.03379376602872,76.92307692307693,58.36602955995384,69.97463614869328,43.78055628980518,1.598303952227023,平静
95.07082380237136,69.23076923076923,59.41565265331838,66.72827528037489,51.06639637321268,1.3066963799971163,平静
99.03379376602872,61.53846153846154,64.19407387663693,69.97463614869328,57.838642252530704,1.2098250135813235,平静
57.17718748968656,23.07692307692308,47.026997156298016,40.33880185269814,52.87587340333661,0.7628961803617725,平静
65.2834058312147,30.76923076923077,46.5235377033987,46.16230691680883,46.88198525017328,0.9846491497848464,平静
73.69688439296989,46.15384615384615,54.54245246483807,52.11156670659005,56.86952485420338,0.9163355389409122,平静
68.27884006044626,38.46153846153847,47.54569808713936,48.28043081829324,46.799431761366655,1.03164566323109,平静
81.64965809277261,33.33333333333333,56.33007121491081,57.433536467042586,55.20455357162791,1.040376794144754,平静
55.097316501933975,21.428571428571427,43.09458036856673,38.21595456970124,47.47448294202102,0.8049788476132135,平静
80.62257748298549,46.66666666666666,51.63977794943222,56.96002496878355,45.704364002673614,1.2462710336687215,平静
83.45229603962802,50.0,53.004941368930965,58.95562149721135,46.295597122460464,1.2734606563397977,平静
82.37544710479139,50.0,48.79500364742667,58.02884574739972,37.34377890799554,1.5539093108484363,平静
77.91937224739796,42.85714285714285,45.51294949163998,55.097316501933975,33.27375628243462,1.6558790668013674,平静
62.67831705280087,21.428571428571427,38.72983346207417,44.03152859263554,32.57644071711823,1.3516371839081212,平静
37.79644730092272,7.142857142857142,22.88688541085317,26.72612419124244,18.257418583505533,1.4638501094228002,平静
33.96831102433787,0.0,21.290765681316003,24.01922307076307,18.15682598006407,1.3228756555322954,平静
46.54746681256314,6.666666666666667,28.867513459481287,32.82952600598701,24.267032964268395,1.3528446619051584,平静
38.72983346207417,0.0,23.935677693908453,27.284509239574835,20.03469213361884,1.3618631650341446,平静
71.87952884282609,26.666666666666668,47.871355387816905,50.33222956847167,45.27692569068708,1.1116529843991685,平静
60.55300708194983,20.0,42.69562819149833,42.81744192888376,42.573465914816005,1.0057307059414875,平静
95.43135154205277,64.28571428571429,55.63486402641868,67.43288424464002,40.53741867614624,1.6634725753842856,平静
74.40238091428449,42.85714285714285,56.27314338711378,52.06207048969018,60.19031607875029,0.864957585894291,平静
104.36885140144612,42.85714285714285,63.99404734221845,73.7567015287978,52.44449608937078,1.406376398451972,平静
100.0,28.57142857142857,62.67831705280087,70.71067811865476,53.45224838248488,1.3228756555322954,平静
100.0,35.714285714285715,59.361683970466366,70.71067811865476,45.25062483125562,1.5626453420774271,平静
51.887452166277086,15.384615384615383,37.9777262656375,36.28454281560232,39.59857746533462,0.9163092499311756,平静
66.50621717611763,30.76923076923077,51.887452166277086,46.94829082974501,56.39568576390454,0.8324801834361906,平静
70.71067811865476,38.46153846153847,45.69367667316877,50.0,40.93683153132612,1.221393989951041,平静
64.54972243679029,33.33333333333333,43.85290096535146,45.2615853800009,42.39743783582605,1.0675547318511458,平静
57.735026918962575,20.0,36.51483716701107,40.82482904638631,31.62277660168379,1.290994448735806,平静
58.24823725107175,21.428571428571427,35.18657752744984,41.11023011864764,28.03817853895493,1.4662232805719178,平静
73.85640954425845,46.15384615384615,47.70882379740532,51.94033901090797,43.06349869315878,1.2061337463776347,平静
71.12606179640953,41.66666666666667,51.84654378610114,49.94034635887545,53.68510045332652,0.9302459329901648,平静
55.81976490317882,15.384615384615383,52.692764897350685,39.47053428727659,63.20705552493224,0.6244640564170452,平静
54.24097467167541,8.333333333333332,48.45867919933012,38.35411574322167,56.79303641330278,0.675331311115422,平静
46.24849269893103,0.0,36.60961262105536,32.589340109265734,40.23011786920436,0.8100731947945014,平静
65.75712889109438,15.384615384615383,46.18143863854043,46.17807056583711,46.18480646562371,0.9998541533395487,平静
114.08903405808856,38.46153846153847,74.43398136884512,80.48955241108797,67.84001118438799,1.1864613670584272,平静
110.35118764827416,46.15384615384615,69.30296601806519,78.03007309808385,59.30522649910284,1.3157368701604113,平静
106.91657423502608,46.15384615384615,74.18524482301416,75.40941507303185,72.94053206033183,1.0338478887247204,平静
75.59289460184544,50.0,57.32115042211108,53.21308723482621,61.15387083715427,0.8701507608001878,平静
87.6274581884664,64.28571428571429,59.361683970466366,61.91048508342756,56.6984204749457,1.0919260989075523,平静
74.40238091428449,42.85714285714285,48.79500364742666,52.54978203415057,44.72611284326001,1.1749239693220856,平静
56.69467095138408,21.428571428571427,51.63977794943223,40.08918628686366,61.0425300605281,0.6567418854872549,平静
35.35533905932738,7.142857142857142,40.8248290463863,24.872121923543077,52.10288748575976,0.4773655189521094,平静
70.71067811865476,35.714285714285715,52.32681184722836,50.0,54.55447255899809,0.916515138991168,平静
71.84705978674423,30.76923076923077,42.49292119457489,50.73069633166745,32.21324499333847,1.574839676727951,平静
83.02270310444746,46.15384615384615,50.335577176290826,58.45339012040318,40.626861099186726,1.438786766659,平静
65.1105568658771,30.76923076923077,40.07335307125704,45.717682671759945,33.49090539044164,1.365077537880115,平静
83.57232396752727,50.0,47.63321401000648,59.02106497777815,32.47091071613242,1.8176596737231303,平静
85.78509971628716,58.333333333333336,52.50470064426222,60.590468401483015,42.92181634525814,1.411647352341762,平静
57.59340239992772,25.0,43.29579241711187,40.29612608896515,46.10068876137866,0.8740894587831767,平静
51.884487084291386,16.666666666666664,46.16206123469681,36.56937850776855,54.079130451842055,0.6762197949971459,平静
127.91403363196706,46.15384615384615,82.0053603179641,90.40798388580434,72.63714402055179,1.2446522382573924,平静
120.95962454154184,30.76923076923077,81.92156527522442,85.3582426353707,78.33425897068852,1.0896668170092787,平静
140.3836579825851,50.0,85.70519793093621,98.97670309270784,69.95980381376054,1.4147653037477486,平静
113.81699210710012,69.23076923076923,64.0024038010112,80.48076693318625,41.41813055247109,1.943128911413038,平静
113.81901963542488,69.23076923076923,66.83816768389644,80.48220061221373,49.57112771862975,1.6235700964690185,平静
50.0,7.6923076923076925,37.79644730092273,35.25058226889108,40.1813303269939,0.8772875856031492,平静
51.887452166277086,7.6923076923076925,51.35525910130955,36.68996928526714,62.678317052800864,0.5853694070049636,平静
53.70861555295747,7.6923076923076925,45.8437384126595,37.8802223146004,52.61544887856754,0.7199448664217439,平静
62.01736729460423,23.07692307692308,45.69367667316877,43.85290096535146,47.463114654932326,0.923936435359796,平静
70.71067811865476,38.46153846153847,47.46311465493233,49.703261474308015,45.11186434089233,1.1017780400011918,平静
63.61301269878188,30.76923076923077,45.69536009340482,44.89890023824137,46.47817364665179,0.9660211818903044,平静
82.46514415193852,50.0,51.63719589598181,58.09687985580286,44.24423748942238,1.3130948379366305,平静
73.49052417051564,35.714285714285715,44.269735980797584,51.96564799392548,34.91690817054793,1.4882660211524112,平静
57.01252995113067,21.428571428571427,35.289955403499064,40.31394654104564,29.420190669803954,1.370281620316714,平静
59.88143046292159,28.57142857142857,41.7654448192807,42.03415156701969,41.49499805935142,1.0129932168425966,平静
66.50621717611763,38.46153846153847,108.24524454696828,45.01807657969086,146.31281117910015,0.3076837647838278,平静
67.42403132415029,18.181818181818183,85.56071740954702,47.24063596047807,111.39836193285032,0.424069395104339,平静
72.29988054812212,27.27272727272727,86.16404368553292,50.20618644176027,111.03073309431068,0.4521827879774027,平静
35.35533905932738,0.0,33.011264588676234,25.0,39.42698542226097,0.6340834768940942,平静
33.96831102433787,0.0,23.440361546924773,24.01922307076307,22.846838336584387,1.0513149660756935,平静
77.51988992080247,25.0,56.33302988842564,54.73560186123024,57.88639219807537,0.9455694124784324,平静
72.86024557064974,30.76923076923077,54.77571652547433,51.51997372192354,57.84851380502831,0.8906015095835585,平静
74.16768941962634,30.76923076923077,63.15235371876316,52.37105890328062,72.34439680990278,0.7239131323590201,平静
59.34523690117972,21.428571428571427,39.762988294332686,41.65835291207441,37.77263703851688,1.102871183433533,平静
53.58904472264564,14.285714285714285,37.89270566820405,37.89314325999428,37.89226807136036,1.0000230967603276,平静
52.03992550104051,15.384615384615383,42.67356285843692,36.39355882928125,48.14119659715137,0.7559753683279811,平静
55.10120558701831,21.428571428571427,38.73167769594879,38.88050768124074,38.58227360763871,1.0077298211254972,平静
74.6787993805677,38.46153846153847,50.81749287811809,52.735804618469565,48.82386789345729,1.080123449734643,平静
60.57862024484572,15.384615384615383,52.636061260840414,42.040766352469824,61.43031706419015,0.6843651207031917,平静
65.52568492290168,23.07692307692308,47.629753375315794,46.33362422396731,48.89153382191033,0.9476819523138644,平静
61.18482927436615,16.666666666666664,51.50329837582972,42.86910795277488,58.884794900830045,0.728016596219317,平静
66.10713914664471,23.07692307692308,66.1274161360866,46.665624107824605,81.04313577532369,0.5758121728803283,平静
78.10495896794656,30.76923076923077,82.48636250920512,55.22851934564628,102.75120753980256,0.5374975211289124,平静
94.9518096396596,38.46153846153847,67.88111780050586,67.08596445769365,68.66706401524223,0.9769744115286824,平静
80.62257748298549,46.66666666666666,48.19664580307085,56.96002496878354,37.43512907536033,1.5215661432372205,平静
76.37626158259734,40.0,50.0,53.95471352079549,45.70436400267363,1.1805155743473257,平静
64.59544433295144,28.57142857142857,49.813461557905725,45.0260695461586,54.17946996775064,0.8310540795795817,平静
60.3081373329622,21.428571428571427,48.2103525732606,42.64426295840164,53.19720882913768,0.8016259479960558,平静
55.75495838591743,15.384615384615383,47.1119778988153,39.047687428209166,53.98476664380238,0.7233093677305348,平静
57.24911823304826,23.07692307692308,37.75579425730572,40.393405636748575,34.91951862590733,1.1567572299458928,平静
53.59304325856375,14.285714285714285,41.77946636236285,37.5510876496736,45.61757814016598,0.8231714435670602,平静
58.43555669037718,21.428571428571427,48.13324759258951,41.242933841286494,54.1538498703676,0.7615882146885771,平静
67.9937779958861,30.76923076923077,64.28871177382902,47.76396601732463,77.36071660327858,0.617418867282059,平静
70.49604462444903,38.46153846153847,48.670680751712986,49.84823120077736,47.46392499387483,1.0502340716072305,平静
67.48675083645335,30.76923076923077,43.59251876535345,47.42168879370849,39.39287773910466,1.2038137733368426,平静
58.31743373060132,15.384615384615383,38.32022390904783,40.87634694594137,35.58094126402716,1.1488270263178209,平静
51.669065287581,7.6923076923076925,36.39888900611007,36.535546442418976,36.26171656047308,1.007551487020457,平静
55.68109746929038,15.384615384615383,38.08088557470593,39.37244403275501,36.7439565533608,1.0715352326191936,平静
59.16469841435464,15.384615384615383,37.90010003176222,41.83575945564714,33.50528906910663,1.2486315032041189,平静
63.85440169154054,23.07692307692308,37.3524937749649,45.06989968912917,27.55216369778273,1.6358025519700357,平静
65.04436355879909,30.76923076923077,36.31365196012814,45.99331055038999,22.846838336584373,2.013114894621609,平静
72.05766921228921,46.15384615384615,44.629118765199046,50.87983290508828,37.34647355597018,1.362373152282665,平静
47.96312686284682,15.384615384615383,37.798482439448215,33.915052251629646,41.31851619092559,0.8208197045342616,平静
51.81772788416068,15.384615384615383,37.798482439448215,36.23468866599924,39.30010033993116,0.9219999021015912,平静
66.98347344148193,35.714285714285715,37.14296703280447,47.29976593116352,22.84583425609891,2.070389087171829,平静
91.03766881273457,57.14285714285714,47.76679460322481,64.32379824301549,20.634493280067968,3.1172947825740653,平静
56.50916486983076,14.285714285714285,48.72322219386133,39.63751572766922,56.36286107751751,0.7032559201200693,平静
63.54949615487492,23.07692307692308,42.15441264558795,44.850573736542565,39.27359222800952,1.1420033460691583,平静
57.24844640149298,15.384615384615383,36.50440286556443,40.389303757160334,32.15349124363778,1.2561405369985188,平静
46.081866949359394,7.6923076923076925,28.949368457117234,32.47110686541327,24.93509749463154,1.3022249811697837,平静
48.123239228528185,15.384615384615383,28.94936845711723,34.02826879115476,22.764199770885675,1.4948150663602633,平静
64.54972243679029,20.0,44.25306015783918,45.58264777059114,42.88226776756202,1.06297194956354,平静
50.36013162356565,14.285714285714285,36.38615644654408,35.24998190765203,37.48791188389888,0.9403026238650533,平静
57.51655280137924,23.07692307692308,36.52697332410366,40.57931090312872,31.964966558198988,1.269493300712375,平静
66.8153104781061,35.714285714285715,43.09458036856673,47.17801719151039,38.58134793087542,1.2228193083361747,平静
72.05766921228921,38.46153846153847,50.817492878118095,50.29498781008469,51.33467995437975,0.9797467882293408,平静
58.83484054145521,23.07692307692308,54.972520607827526,41.24540497986003,65.89971632718446,0.6258813736781713,平静
65.04436355879909,30.76923076923077,41.27101529277785,45.99331055038999,35.93339381701637,1.2799601057612795,平静
66.14378277661477,33.33333333333333,43.48592463114521,46.6778260466835,40.04037759071258,1.1657688777018549,平静
55.90169943749474,16.666666666666664,38.39738238941523,39.41851651755104,37.34834004709587,1.0554288749605658,平静
50.0,8.333333333333332,38.39738238941523,35.35533905932738,41.21550616840644,0.8578164469184382,平静
50.0,8.333333333333332,32.522181779399546,35.35533905932738,29.41742027072761,1.201850425154663,平静
66.14378277661477,33.33333333333333,37.553380809940535,46.6778260466835,25.33166745534876,1.842666935722288,平静
72.16878364870321,41.66666666666667,48.038446141526144,50.94591358598952,44.94328096916718,1.1335601782375515,平静
66.21991334241478,30.76923076923077,54.021159875420246,46.74550258403816,60.42705864707556,0.7735856027190637,平静
56.51295679500663,14.285714285714285,43.01494756809212,39.64021870241776,46.143520561352034,0.8590635959324442,平静
57.11728823556503,15.384615384615383,54.02258380010679,40.29998458307955,64.90601176688236,0.6208975638161489,平静
55.54277630799526,15.384615384615383,41.43895284857973,38.90376535221085,43.82773856581864,0.8876516705005628,平静
45.64354645876384,8.333333333333332,43.85290096535146,31.732387941099617,53.28423220531006,0.5955305468009974,平静
61.237243569579455,16.666666666666664,48.038446141526144,43.30127018922193,52.34868303390847,0.827170191868511,平静
80.36375634160795,33.33333333333333,52.19539227133918,56.74932696615098,47.20415063960834,1.202210530159045,平静
67.93662204867574,30.76923076923077,43.22189107537832,48.03844614152614,37.796447300922736,1.2709778186044844,平静
66.56460135722405,30.76923076923077,40.06951377376489,46.986464121605145,31.676553750068532,1.4833199499015417,平静
45.56222850856471,8.333333333333332,31.394103643673976,32.21730685689155,30.54872544097996,1.0546203284040534,平静
47.79469984562444,16.666666666666664,38.70930451984712,33.667285472860904,43.16635729024864,0.7799427050673652,平静
70.59626996756509,25.0,48.28640515794196,49.919101220541485,46.59653613185405,1.0713049802518708,平静
74.6787993805677,30.76923076923077,45.69367667316877,52.73580461846957,37.34647355597016,1.4120691887933097,平静
66.50621717611763,30.76923076923077,49.86244815754373,46.31382530304729,53.17477840411081,0.8709735459746999,平静
65.04436355879909,30.76923076923077,51.35525910130955,45.99331055038999,56.208012412294565,0.8182696483380673,平静
67.99660625015385,38.46153846153847,55.0438386726814,48.08086137715537,61.219924214908346,0.7853793024697451,平静
53.64125851790406,15.384615384615383,34.96686029201533,37.83247094743041,31.84441519912827,1.188041002193253,平静
66.45183333698292,30.76923076923077,38.51844142317197,46.909771127334814,27.691407189265856,1.6940190437674347,平静
67.94001879486164,30.76923076923077,38.50510170279851,48.04084800378816,25.639084175583125,1.8737349460219377,平静
58.90409415051137,23.07692307692308,33.15199760278323,41.65148441347744,21.523562350682948,1.935157560577133,平静
40.82482904638631,0.0,37.97772626563749,28.25970826302195,45.67279577061463,0.6187426844844899,平静
117.26039399558574,16.666666666666664,77.83117824941563,82.07381501496754,73.34353075952579,1.119032778556381,平静
154.1103500742244,50.0,85.67230351603482,108.81304047667162,53.2842322053101,2.0421245830737096,平静
151.91090506255,53.84615384615385,85.88581737617467,107.41723110591494,56.6946709513841,1.8946618668626836,平静
65.04436355879909,30.76923076923077,42.09486930705477,45.67054648860738,38.185824953613306,1.196007852235384,平静
88.56958523427457,50.0,69.35485014110576,61.80812970766211,76.15737376138499,0.8115843109469387,平静
83.59585316668924,40.0,61.83405210723295,59.11119465324088,64.44196355377966,0.9172779877185148,平静
85.84360779929978,43.75,54.62889506909863,60.66036339736187,47.843000171824265,1.2679046711014168,平静
60.776091790549785,26.666666666666668,48.37492463387756,42.71585706086728,53.43802225215882,0.7993532556145754,平静
58.25559445850918,28.57142857142857,45.69880690325463,41.115442255151954,49.86263443627072,0.8245742071189895,平静
67.700320038633,33.33333333333333,48.038446141526144,47.871355387816905,48.20495771928391,0.9930795016269964,平静
64.54972243679029,25.0,48.038446141526144,45.64354645876384,50.31949206869325,0.9070748646757786,平静
80.63498000247783,41.66666666666667,48.85247283980722,57.01754116059373,39.01446148709737,1.4614463198332297,平静
85.64704703996902,58.333333333333336,50.16741203978168,60.56157908369886,36.95718604584704,1.63869562494746,平静
77.37520970519613,46.15384615384615,52.11146126913345,54.44148913875309,49.672256356680855,1.096014015305161,平静
63.43136811971236,30.76923076923077,48.74964074254776,44.7702220350211,52.42787582946553,0.8539392704111679,平静
74.8893628405708,33.33333333333333,63.01770203070538,52.869434301241895,71.74457787964332,0.7369119153496752,平静
78.95462832116515,41.66666666666667,56.04634071634212,55.82935309195931,56.26249149049436,0.9923014714233156,平静
65.89891248470393,33.33333333333333,76.26925986267338,45.75159377916067,97.67697613392149,0.4683969097940978,平静
73.48809427383459,41.66666666666667,74.99683754016326,51.62874952754306,92.64730705354312,0.5572612002387242,平静
65.78270012977299,27.27272727272727,72.20609182728073,45.51859124314296,91.40840905069436,0.497969406927307,平静
49.68567868779359,8.333333333333332,45.467937421146935,34.63540256891944,54.17615301546942,0.6393108524894647,平静
61.237243569579455,25.0,37.97772626563749,43.30127018922193,31.774445465112123,1.362770287738494,平静
79.66275068156915,53.84615384615385,48.74806279611146,56.26438014741459,39.83800671939388,1.4123291996942218,平静
79.05694150420949,50.0,51.577673563824206,55.90169943749474,46.85629968865256,1.193045541558903,平静
69.2218655243173,33.33333333333333,52.50152622934172,48.85849749816072,55.90767152227622,0.8739140115805615,平静
55.90169943749474,16.666666666666664,42.74252071325552,39.41851651755104,45.8260483720963,0.8601770808925598,平静
47.959184035316255,8.333333333333332,41.72652111190872,33.77884569766508,48.38589372470515,0.698113501630292,平静
83.66600265340756,30.0,52.22329678670935,59.16079783099616,44.210241511955736,1.3381695237968187,愤怒
69.08492797077575,27.27272727272727,72.16878364870321,46.13132529587372,91.04157013756378,0.5067061697878157,愤怒
111.80339887498948,37.5,82.07381501496754,78.56128181235334,85.4420693933745,0.9194683879981644,愤怒
79.77240352174657,45.45454545454545,53.65433699886598,56.04012729971797,51.15740307919434,1.0954451150103324,愤怒
115.47005383792516,50.0,85.48504142651105,81.43675119038359,89.35009888601229,0.9114343711502312,愤怒
89.18825850158447,36.36363636363637,68.5344416842342,62.98366572977736,73.66815624935283,0.8549645998549158,愤怒
115.1086443322134,40.0,92.93203772845852,81.31727983645297,103.24837661061444,0.7875889433412473,愤怒
100.0,66.66666666666666,62.583277851728624,70.27283689263065,53.80577783468112,1.3060462968966784,愤怒
280.6243040080456,50.0,213.3072900770154,195.2562418976664,229.9456457513384,0.8491408535250766,愤怒
75.1398695766768,36.36363636363637,66.72103843389257,53.03460588604014,78.04309397958498,0.67955539922486,愤怒
79.05694150420949,40.0,47.19399037242695,55.78978401105349,36.633938561741545,1.52289888014709,愤怒
79.05694150420949,40.0,49.08249086070214,54.88624600025037,42.49331498226301,1.291644250940654,愤怒
90.82951062292474,50.0,56.00324665913251,64.1287766919033,46.478245155419465,1.379758992136254,愤怒
136.8316077844914,88.88888888888889,86.12136139709409,96.43503538332276,74.3912745447681,1.2963218599687911,愤怒
87.79711460710615,33.33333333333333,53.40940088190563,62.01198360890507,43.1235677329357,1.4380067992737835,愤怒
137.34495390671026,54.54545454545454,90.033663737852,97.0643477457392,82.40530085386148,1.1778896107408705,愤怒
130.55824196677338,27.27272727272727,81.18441408859887,90.9090909090909,70.12385736609778,1.2964074471043288,愤怒
79.05694150420949,41.66666666666667,50.63696835418333,55.90169943749474,44.75717962746455,1.2489995996796797,愤怒
125.22706649050828,72.72727272727273,72.16878364870321,88.0223487774413,51.65977915524945,1.7038855027411943,愤怒
80.62257748298549,40.0,50.452497910951294,56.56854249492381,43.48458452036871,1.300887271175982,愤怒
47.67312946227961,9.090909090909092,33.42789617107607,33.7099931231621,33.14339826398084,1.0170952554312156,开心
57.735026918962575,16.666666666666664,64.54972243679029,40.39733214513608,81.86201126828543,0.4934808163061419,开心
67.4199862463242,18.181818181818183,86.49312461728161,47.23774929733302,112.83047572993532,0.4186612614343543,开心
56.40760748177662,18.181818181818183,46.8718433280546,39.36479108111085,53.332472444842544,0.7381017469576845,开心
52.22329678670936,18.181818181818183,43.30127018922193,36.92744729379982,48.85042104591972,0.7559289460184546,开心
47.86913980274291,9.090909090909092,46.970654926692525,33.232588804931915,57.51590988419781,0.5777981930885248,开心
40.41967342767628,8.333333333333332,43.0210145429846,27.954514145502703,54.03850963437346,0.5173072746573504,开心
57.4499782419454,25.0,51.8086964286984,40.1936285719239,61.25972799077935,0.6561182997412874,开心
117.26181532508072,75.0,96.94857214536808,82.69849857564928,109.35725680257627,0.7562232356005939,开心
50.0,9.090909090909092,43.30127018922193,35.20893951097652,50.10319928420137,0.7027283689263066,开心
58.70264048575669,18.181818181818183,49.903239707791855,41.38441036776534,57.16639961707458,0.7239289275689238,开心
60.607530285210665,18.181818181818183,41.853279079386,42.37114642757235,41.32892316292746,1.0252177696606375,开心
75.3778361444409,45.45454545454545,44.38126822992973,53.20318141236193,33.29888026641805,1.5977468607560772,开心
67.4199862463242,27.27272727272727,38.92494720807615,47.67312946227961,27.52409412815902,1.7320508075688767,开心
65.71287406727708,27.27272727272727,44.38126822992973,46.35472285084349,42.31587892051196,1.0954451150103317,开心
100.0,41.66666666666667,59.6463939202724,70.71067811865476,45.993310550390014,1.5374122295716142,开心
95.34625892455922,54.54545454545454,57.73502691896258,67.4199862463242,46.056618647183846,1.4638501094227991,开心
94.64847243000456,58.333333333333336,71.83492472506956,66.86169389950504,76.48546730851365,0.8741751374782099,开心
70.41898418277086,41.66666666666667,62.399971236022296,49.79374123990551,72.85668228684416,0.6834478276661362,开心
78.79615049818952,50.0,72.16549711849129,55.40482329585073,85.70894646577746,0.6464298720317745,开心
90.93531090412992,38.46153846153847,63.44072252682242,63.78124596837307,63.09836140639819,1.0108225403442197,开心
70.4769465853906,25.0,59.42286532200314,48.4497162014392,68.66424721901382,0.7056032529840798,开心
72.58558167202814,25.0,45.80504954808546,51.32575701666107,39.52052371707382,1.2987114589902842,开心
102.35721762533409,50.0,68.51464376508434,72.31749058453595,64.48793201885432,1.1214112209923632,开心
132.1865073571154,45.45454545454545,78.21512680170032,93.41469790736342,59.23602228448627,1.5769914032838164,开心
127.47548783981962,41.66666666666667,84.54250941056752,90.13878188659972,78.54853146222274,1.1475552783561742,开心
64.17943595888016,27.27272727272727,57.78978362054223,45.38166885173566,67.96927477948832,0.6676791682560498,开心
57.74512966476048,16.666666666666664,52.11870081227058,40.40455144878826,61.64568250040039,0.6554319752810885,开心
78.28444638275566,36.36363636363637,48.17487085419308,55.26577408418313,39.84131747962656,1.3871472526591044,开心
124.1638702145945,58.333333333333336,77.83117824941563,87.59915017345267,66.64663160485685,1.3143822585486662,开心
126.65570127975552,58.333333333333336,75.955452531275,89.5106294122535,59.38273116558179,1.5073511718863788,开心
134.6291201783626,41.66666666666667,85.6723035160348,95.1515603889103,75.00445143484974,1.2686121765927547,开心
113.5418425075091,58.333333333333336,70.18802586167368,80.07398922246848,58.658965203265794,1.3650767439383746,开心
158.29982101484933,100.0,90.1752567120101,111.58535596872318,61.74028004056329,1.8073347884948323,开心
175.1680145840939,83.33333333333334,101.06883919591765,123.722247168585,71.57252313825515,1.7286277155493504,开心
84.16254115301732,41.66666666666667,49.354811679282456,59.511903571190416,36.47092273480621,1.6317630350052792,开心
92.4211375534118,58.333333333333336,52.50152622934172,65.28516506663499,35.364780998088115,1.846050314016208,开心
99.04360839365842,54.54545454545454,125.1158251260395,69.36744895991644,162.77621576487388,0.4261522399569478,开心
88.21770591192924,45.45454545454545,105.48315964976102,62.0472360716594,135.65962713814935,0.4573743668665212,开心
80.29038207995684,27.27272727272727,90.13659667752084,56.40877957572864,114.31212406384977,0.4934627891633014,开心
72.36335084457149,36.36363636363637,65.54035305663129,51.07157511888553,77.34836761336203,0.6602799347256405,开心
65.50919435815514,27.27272727272727,64.33364735360635,45.3073069837052,78.89793595222034,0.5742521199938966,开心
134.8399724926484,54.54545454545454,86.49312461728161,94.47549859466602,77.69492504282675,1.215980304281001,开心
126.13124477737826,54.54545454545454,79.77240352174657,89.18825850158447,69.08492797077575,1.2909944487358056,开心
73.59800721939872,41.66666666666667,48.370896102342265,51.7069735249619,44.78700780780145,1.1545083285504745,开心
86.60254037844386,66.66666666666666,47.70367937215143,61.237243569579455,28.306925853614903,2.163330765278393,开心
81.64965809277261,58.333333333333336,46.34043479981492,57.43353646704259,31.563597446436354,1.819613133911865,开心
64.54972243679029,33.33333333333333,46.34043479981492,45.2615853800009,47.39473265839448,0.9549918913190502,开心
67.4199862463242,27.27272727272727,45.22670168666454,47.23774929733302,43.121968093205176,1.095445115010332,开心
88.97565210026093,50.0,56.0448538317805,62.63873490988712,48.5637742658061,1.2898242745105426,开心
104.60481187147496,58.333333333333336,71.82716077947829,73.90806977440134,69.68413932527453,1.0606153780476526,开心
103.60421484347695,66.66666666666666,71.60369923118319,73.02187647852145,70.15686026850861,1.0408372923053808,开心
91.23595782365636,53.84615384615385,59.83750890977559,64.28385645854978,55.03308771885794,1.1680946703726731,开心
78.1546789779975,53.84615384615385,52.3999832228813,55.26370348679975,49.37043204631251,1.1193684396960308,开心
58.770086582572574,30.76923076923077,48.65289709364073,41.20636476372819,55.10212604035683,0.7478180557597474,开心
44.32026302139592,14.285714285714285,36.1873432227873,31.23724229381411,40.53741867614624,0.7705779823665806,开心
59.76143046671968,28.57142857142857,38.72983346207417,42.25771273642583,34.84660262185848,1.212678125181665,开心
128.00420666164422,53.84615384615385,96.7246005504719,90.34906010978692,102.70513152016704,0.8796937287602432,开心
125.16855302617611,33.33333333333333,102.09114831415388,87.71940745607236,114.67567607719032,0.7649347312068759,开心
70.51821170320602,27.27272727272727,57.55175536379881,49.45613299590953,64.64131805586888,0.7650854667469043,开心
47.1207346755506,9.090909090909092,44.82254573382247,33.31939102357392,53.925313109331086,0.6178803441719549,开心
102.06207261596576,41.66666666666667,69.10601294852009,71.92781875680029,66.16397010587363,1.0871146130092182,开心
101.03629710818451,33.33333333333333,73.59800721939872,71.38267374588256,75.74857901124102,0.942363205721515,开心
97.6840143865242,25.0,71.94308648027058,68.82122573095535,74.93500032364231,0.9184122964398248,开心
70.41898418277086,25.0,59.23800322125169,49.443851432149216,67.62830477571951,0.7311117969927433,开心
97.06588336941932,71.42857142857143,51.50265827628521,68.59131036175688,24.500607378282734,2.79957591674058,开心
87.30324818044942,71.42857142857143,47.91013413027511,61.681042633925735,28.039452283412032,2.1997948465782216,开心
59.511903571190416,8.333333333333332,52.19539227133918,41.97800349918726,60.71709125888831,0.6913704630579144,开心
70.71067811865476,25.0,57.17718748968656,49.65156369922077,63.82149920429447,0.7779755148070822,开心
74.94775958403739,33.33333333333333,64.4864326816114,52.91410754966749,74.2771648773849,0.7123872812999381,开心
82.52052086382129,36.36363636363637,67.35388225295893,57.99565386965298,75.5618623468368,0.7675254694418052,开心
47.67408291533443,9.090909090909092,48.101140287624126,33.10451768126355,59.42668006064534,0.5570649016145637,开心
56.12931497889494,16.666666666666664,78.09125168508692,38.692699569815495,103.43772126012436,0.3740675944756305,开心
95.39654081778856,50.0,68.98652785610409,66.41807819495466,71.46272413063288,0.9294087092669924,开心
78.33494518006403,36.36363636363637,52.76448530110864,55.29784118452926,50.103199284201374,1.103678846351951,开心
70.71067811865476,27.27272727272727,46.8718433280546,49.585055066525975,43.99160951805448,1.1271480086714245,开心
89.49208531112309,25.0,51.25514358178839,63.21183521391474,35.474545466691694,1.7818927454128075,开心
98.36411947453198,41.66666666666667,55.459964770162735,69.49150627554741,36.36682471939143,1.9108488797619247,开心
57.30474093243362,25.0,41.40373450268986,40.08982968839409,42.67720723165958,0.9393733163179884,开心
84.1267358947659,53.84615384615385,49.57112771862976,59.4268482746476,37.18928758036943,1.59795608200939,开心
90.98013308071502,30.76923076923077,56.93779138596867,64.27515739372535,48.50286917117389,1.3251825818157,开心
63.61301269878188,15.384615384615383,37.2493823239592,44.89890023824136,27.552163697782746,1.6295961627817488,开心
75.95798433749664,38.46153846153847,47.02863284949189,53.71037826833666,39.22473558428157,1.3692986700427852,开心
79.95479492043758,38.46153846153847,58.0795210830011,55.94476354447605,60.13854812359708,0.930264618784911,开心
103.07055089373716,30.76923076923077,72.01678680986525,72.42376117982242,71.60749947738164,1.0113991091491557,开心
122.63297335482882,38.46153846153847,73.05830879178963,86.71458999697336,56.17484177716727,1.5436552601420808,开心
121.62099599438686,41.66666666666667,80.66232240898012,85.94854726973446,75.00445143484974,1.1459126175249874,开心
48.03844614152614,7.6923076923076925,40.08918628686366,33.96831102433787,45.39206495016018,0.7483314773547882,开心
45.64354645876384,8.333333333333332,33.01126458867624,31.732387941099617,34.24241134970981,0.9266984038309712,开心
101.90493307301362,38.46153846153847,77.47739833491605,71.23176606712359,83.25581065879477,0.8555771123177333,开心
104.69736606781692,46.15384615384615,75.955452531275,73.98224639104363,77.87867973583303,0.949967907031729,开心
80.36375634160795,25.0,56.33007121491082,56.13413993878116,56.52532334703784,0.9930795016269964,开心
53.70861555295747,15.384615384615383,30.56249227510633,37.8802223146004,20.81395266469869,1.8199437139514012,开心
38.18813079129867,0.0,25.943726083138543,26.84187234734401,25.013351135798164,1.073101808774792,开心
117.11467095904833,61.53846153846154,78.15271047024636,82.63375386672512,73.39860373049204,1.125821877622401,开心
87.62068600156367,38.46153846153847,53.58202093083992,61.95718124392287,43.62767042111722,1.4201349887784418,开心
86.50915173167134,33.33333333333333,65.04564472303966,61.17120782416076,68.70192958138169,0.8903855859201112,开心
91.5527667026458,54.54545454545454,52.65748385614912,64.66090826651943,36.94033235191544,1.750414902890461,开心
83.56053875103748,54.54545454545454,58.233074013750205,58.99873930576331,57.4572064976396,1.0268292334780849,开心
77.9312050931636,45.45454545454545,58.07022916393146,55.01186949308273,60.97538228809283,0.9021980253139856,开心
74.78023357367462,41.66666666666667,63.92232866975439,52.79872026016456,73.37863002276,0.7195381031751051,开心
73.59800721939872,41.66666666666667,57.735026918962575,51.7069735249619,63.19062870042959,0.8182696483380673,开心
67.70093549329039,41.66666666666667,47.48225039490127,47.50040204508215,47.46409180300156,1.000765004463401,开心
89.21229362219836,50.0,56.479290509090646,63.08261778546184,48.9939164198357,1.287560219617842,开心
120.09611535381536,38.46153846153847,80.17837257372732,84.52792683013811,75.57891533319115,1.1184061911644945,开心
145.4436184706849,61.53846153846154,84.83986208028747,102.70023017552838,62.034402693166086,1.655536697653126,开心
147.41359920566768,69.23076923076923,82.29202890911138,104.20167064726203,51.82632418255781,2.010593502255968,开心
72.00694410957877,38.46153846153847,42.58333781352349,50.840974948635775,32.278113094688614,1.5750912948192657,开心
41.60806134910361,7.6923076923076925,30.56500908260588,29.29537395069813,31.78396805825725,0.9217028502231772,开心
62.580409812557896,15.384615384615383,43.0152030369228,43.91546478562282,42.09569262143226,1.0432294149559629,开心
82.46491095285035,46.15384615384615,50.64029581706214,58.24804133639712,41.66587094196513,1.3979796898408456,开心
84.44433760677002,61.53846153846154,51.06626808631835,59.64669153147463,40.71608603336752,1.4649416813441538,开心
80.95867891898739,61.53846153846154,46.44079298146462,57.24643085952037,32.19224532928171,1.7782677248501724,开心
69.34575209292443,41.66666666666667,43.48784091780492,48.94625737593336,37.23772958000399,1.3144264682081113,开心
70.8942874990644,33.33333333333333,47.79443160356332,49.78230386169143,45.72021004804776,1.0888467880916293,开心
58.38742081211422,18.181818181818183,78.33494518006403,41.16084153698826,102.851895445316,0.400195264839553,开心
62.91528696058958,25.0,60.71159226949526,44.39015781804691,73.49359673253012,0.6040003454940273,开心
70.84297617073462,36.36363636363637,50.00181814876153,49.67938528518695,50.32218510805732,0.987226313374706,开心
64.68255818482548,25.0,51.88905818160857,45.73747551698352,57.38494620788671,0.7970291607713937,开心
59.65595807070182,8.333333333333332,75.10787114339155,41.24671704107694,97.88305751619096,0.4213877057758873,开心
58.38742081211422,9.090909090909092,74.87363091276264,41.16084153698826,97.55975776972876,0.4219038923214692,开心
82.37544710479139,42.85714285714285,54.98917642417936,58.02884574739972,51.77134447591192,1.1208680465001113,开心
72.05766921228921,30.76923076923077,50.95246653650681,50.87983290508828,51.02499677469847,0.997155044021832,开心
76.16076114681061,30.76923076923077,57.12565675194167,53.57840022261024,60.46516640403065,0.886103576803167,开心
59.79548477937109,16.666666666666664,37.66638302593455,42.17901663676436,32.53372674730604,1.2964704893593846,开心
98.99537026211546,41.66666666666667,66.3040780739071,69.93575921277088,62.46159717614392,1.1196601171684668,开心
104.69736606781692,46.15384615384615,67.93662204867574,73.98224639104363,61.29760557888165,1.2069353393557694,开心
114.564392373896,58.333333333333336,74.6787993805677,80.95566344885603,67.82349673528864,1.1936226727563386,开心
157.50457868802516,61.53846153846154,96.43365879945938,111.07330060148963,79.13041761795662,1.403673883509044,开心
80.91115735555502,23.07692307692308,68.44136015758146,56.9536820011764,78.26057543200429,0.7277442273684774,开心
51.9659651932064,15.384615384615383,61.574041911853065,35.09825599605338,79.6921432812594,0.44042303984949,开心
65.34641417976847,23.07692307692308,63.44314751833303,45.88563091274168,77.10106879807554,0.5951361197458134,开心
83.11939204140832,41.66666666666667,77.83224893550857,58.70039276794586,93.11273724688176,0.6304228025464012,开心
73.4852156768756,46.15384615384615,53.5761243363226,51.67066854769426,55.41610063543371,0.9324125652149444,开心
75.59289460184544,42.85714285714285,50.0,53.21308723482621,46.56573146573321,1.1427520960125936,开心
75.955452531275,38.46153846153847,51.887452166277086,53.43247688249925,50.29498781008469,1.062381744365101,开心
125.57559782549622,69.23076923076923,81.87366306265223,88.62860478309933,74.50881706747592,1.1895049239989464,开心
120.09611535381536,53.84615384615385,73.84644001776053,84.87721727197658,60.8477723072841,1.3949108414905094,开心
83.93720596645176,27.27272727272727,71.11130839619098,58.564085121477845,81.7550261300225,0.716336204557479,开心
72.05766921228921,30.76923076923077,77.03288865196433,50.87983290508828,96.3295098694173,0.5281853190580971,开心
67.60973985364033,23.07692307692308,67.82783635510854,47.49687003079144,83.33833515561057,0.5699282322127576,开心
55.47071299343465,16.666666666666664,68.75747045659652,39.11290636662589,89.02449125232361,0.4393499565840542,开心
55.61774297230456,16.666666666666664,72.16896129472126,39.22584182228174,94.2234115390187,0.416306745654587,开心
70.90710952942717,27.27272727272727,55.7336740601445,49.725112135212974,61.15470604643067,0.8131036080438361,开心
76.87061147858074,36.36363636363637,55.73204290227128,54.3557306504609,57.07517636920413,0.9523532664857336,开心
76.87061147858074,36.36363636363637,52.76448530110864,53.97428221380871,51.52629113070288,1.0475095534607022,开心
65.19202405202648,30.0,59.54371961386478,45.96194077712559,70.55784216449005,0.6514079706402508,开心
75.82875444051551,30.0,67.08203932499369,53.50233639758174,78.34219807996199,0.6829312644888161,开心
70.71067811865476,20.0,56.00324665913251,49.49747468305833,61.82820774312703,0.8005646045685447,开心
65.19202405202648,10.0,51.78627406773133,45.96194077712559,57.01873695230686,0.8060848632190908,开心
68.86339133869801,25.0,51.95695950520624,48.60455511346419,55.10579374506373,0.8820225934558485,开心
64.63626036402597,23.07692307692308,52.32800187490231,45.37992153041375,58.45598585545412,0.7763092327726034,开心
72.22707248670682,33.33333333333333,69.42123372792861,50.98375966913385,83.90036730918038,0.6076702796932238,开心
52.04164998665332,16.666666666666664,43.11582492512881,36.6808684617896,48.70793166248807,0.7530779322752276,开心
38.08433623770627,0.0,34.43928138861353,26.761485073391075,40.69337933613859,0.6576373235639584,开心
73.43137385795438,33.33333333333333,46.34223305045371,51.5883815515772,40.42083642249399,1.276281891160187,开心
80.21117960317834,41.66666666666667,46.342233050453714,56.6412933389688,32.96921317068422,1.7180056146845952,开心
113.81803659589922,63.63636363636363,113.81803659589922,80.41730005888242,139.43510591070878,0.5767363931317262,开心
78.33494518006403,54.54545454545454,91.5977702520728,55.29784118452926,117.14286914120557,0.4720546934689854,开心
74.16198487095663,50.0,86.86457589520911,50.49752469181039,111.986200448578,0.4509263149346506,开心
62.65381073805487,33.33333333333333,51.80869642869839,44.204857701891136,58.43126395036826,0.7565274942441585,开心
102.4739804373123,58.333333333333336,67.39436178197698,72.40249669574784,61.98288854371198,1.1681045913936017,开心
114.8952421411203,75.0,62.968856771239885,81.2431834747452,36.46503784507478,2.227974747206205,开心
69.2218655243173,25.0,61.237243569579455,48.85849749816072,71.50417625721047,0.6832957185942525,开心
72.16878364870321,33.33333333333333,62.53204306798563,50.25974200756174,72.7631167133882,0.6907310224977499,开心
57.17718748968656,23.07692307692308,36.31365196012814,40.33880185269813,31.782757942812243,1.269203947790845,开心
50.0,14.285714285714285,32.732683535398856,34.99271061118826,30.30457633656632,1.1547005383792517,开心
112.73124382057236,41.66666666666667,77.62500258061849,79.22147225763143,75.99500236604632,1.042456343063773,开心
124.1638702145945,41.66666666666667,77.41827783921407,87.59915017345267,65.6777616554369,1.3337718577107005,开心
122.47448713915892,50.0,81.25616347431192,86.40183897219885,75.76180058149637,1.140440674707263,开心
107.66150658429407,63.63636363636363,75.15695697550682,75.52324364444705,74.7888763992203,1.0098192041461718,开心
99.83569835818582,50.0,66.1401968626163,70.3481422008507,61.64568250040038,1.1411690056378854,开心
64.54972243679029,16.666666666666664,50.63696835418333,45.64354645876384,55.180356965788064,0.827170191868511,开心
139.9404635312222,66.66666666666666,85.29736822224368,98.95285072531595,68.989965825585,1.434307866965477,开心
118.1453906563152,41.66666666666667,71.16250813527137,83.4894371229745,56.19358519523396,1.4857467597574754,开心
62.01736729460423,23.07692307692308,45.8437384126595,43.85290096535146,47.75164688489583,0.9183536867546748,开心
69.08492797077575,27.27272727272727,87.47293953855187,46.13132529587372,114.78210282738588,0.4019034689166476,开心
111.80339887498948,50.0,66.26481450231067,78.83703303510208,50.6633349106976,1.5560963993796544,开心
102.84416890093028,46.15384615384615,56.936440367819294,72.67093702958147,34.67638093514213,2.0956897770128737,开心
114.35437497937312,46.15384615384615,64.62061726588641,80.67760370539627,42.92752743873543,1.87939088317016,开心
70.71067811865476,41.66666666666667,63.04251719561152,50.0,73.8154316435117,0.6773651374345779,开心
101.03629710818451,41.66666666666667,63.04251719561152,70.89458136322315,54.061782083568815,1.3113622716623392,开心
90.3696114115064,46.66666666666666,101.447851956888,62.804812271389245,128.9918171392623,0.486889894756532,开心
101.77004891982148,50.0,115.67606658662103,71.24977622592858,147.25954688800272,0.4838380786280507,开心
82.15838362577492,60.0,83.93720596645177,55.33985905294664,105.0162325114984,0.5269648103866932,开心
174.40374613713624,58.333333333333336,111.51635501529556,123.18121249245402,98.47935702818008,1.2508328263882291,开心
143.61406616345073,58.333333333333336,88.97565210026093,101.5077309589986,74.3607012398948,1.3650722662165984,开心
116.8496733151024,69.23076923076923,97.001755960089,82.58042520609187,109.54065314513322,0.7538792478868914,开心
80.00284085865042,45.45454545454545,82.97151756640785,55.075230292169785,103.61112132782812,0.5315571300296077,开心
106.06601717798212,50.0,72.0576692122892,74.06828681096324,69.98931542388645,1.0582799154752798,开心
65.71287406727708,18.181818181818183,96.4325796826074,46.35472285084349,128.25647943829716,0.3614220743767122,开心
83.66600265340756,30.0,88.93306982833163,58.73670062235365,111.2123276358418,0.5281491887723411,开心
75.0,33.33333333333333,50.0,52.95110427974514,46.86342449667497,1.1299025807109355,开心
72.16878364870321,33.33333333333333,46.34043479981492,50.25974200756174,42.05746221784106,1.195025552118102,开心
51.887452166277086,15.384615384615383,45.8437384126595,36.28454281560232,53.72828543662478,0.6753340911725495,开心
58.83484054145521,23.07692307692308,49.86244815754374,41.245404979860034,57.19566452603564,0.7211281715432295,开心
55.12642811685768,15.384615384615383,41.17958525481093,38.98027114402282,43.2672502599246,0.900918614190916,开心
64.49224759612585,25.0,43.489757120027406,45.60286753898024,41.26858879269039,1.10502609546604,开心
50.09241459542552,8.333333333333332,38.4017227177676,35.42063703235414,41.16750038084457,0.8604029077469938,开心
43.69019722241287,8.333333333333332,33.139758444255285,30.75282281533049,35.36595917511736,0.8695599817625598,开心
50.0,7.142857142857142,30.860669992418384,34.99271061118826,26.082026547865052,1.3416407864998736,开心
53.45224838248488,14.285714285714285,33.806170189140666,37.4574588632197,29.709477632979176,1.2607915671206495,开心
81.62107570964744,38.46153846153847,47.22101413379615,57.65070294710948,33.70526370394533,1.710436193393771,开心
