userAcceleration.x,userAcceleration.y,userAcceleration.z,rotationRate.x,rotationRate.y,rotationRate.z,label,subject
0.0120713999999996,0.0042108000000013,0.0355759999999999,-0.0238867999999994,-0.0052697999999992,-0.0329936,0,sub_13
0.0100913999999995,0.0031144000000013,0.0302537999999999,-0.0289941999999994,-0.0099083999999992,-0.0407144,0,sub_13
0.0128391999999996,0.0018980000000013,0.0272165999999999,-0.0306867999999994,-0.0139213999999992,-0.047985,0,sub_13
0.0204723999999996,-0.0010717999999986,0.0257399999999999,-0.0319063999999994,-0.0119783999999992,-0.0541978,0,sub_13
0.0321849999999996,-0.0036053999999986,0.0272459999999999,-0.0328387999999994,0.0093398000000007,-0.0574422,0,sub_13
0.0429711999999996,-0.0057579999999986,0.0277039999999999,-0.0337097999999994,0.0495982000000007,-0.0553694,0,sub_13
0.0452357999999996,-0.0068867999999986,0.0291265999999999,-0.0292733999999994,0.0908752000000007,-0.0462106,0,sub_13
0.0405041999999996,-0.0081115999999987,0.0302417999999999,-0.0195621999999995,0.1250782000000007,-0.0308102,0,sub_13
0.0260307999999996,-0.0047493999999986,0.0310219999999999,-0.0152487999999995,0.1499318000000007,-0.0160704,0,sub_13
0.0109915999999996,-0.0056085999999986,0.0290163999999999,-0.0139953999999995,0.1549962000000007,-0.0049588,0,sub_13
-0.0010988000000003,-0.0032497999999986,0.0305601999999999,-0.0117441999999994,0.1398366000000007,0.0012719999999999,0,sub_13
-0.0048610000000003,-0.0003127999999986,0.0326525999999999,-0.0141957999999994,0.1157732000000008,0.0004311999999999,0,sub_13
-0.0061364000000003,-0.0004249999999986,0.0316175999999999,-0.0236345999999994,0.0961914000000007,-0.0021604,0,sub_13
0.0005811999999996,-0.0041849999999987,0.0296077999999999,-0.0258033999999994,0.0804176000000007,-0.0042788,0,sub_13
0.0089221999999996,-0.0014321999999987,0.0349381999999999,-0.0240805999999994,0.0752856000000007,-0.0070245999999999,0,sub_13
0.0153801999999996,0.0008346000000012,0.0405157999999999,-0.0282373999999994,0.0889324000000007,-0.0121857999999999,0,sub_13
0.0165043999999996,-0.0009797999999987,0.0413749999999999,-0.0308451999999994,0.1208728000000007,-0.0113776,0,sub_13
0.0139261999999996,-0.0031185999999987,0.0422527999999999,-0.0209063999999994,0.1525664000000007,-0.0070758,0,sub_13
0.0023407999999996,-0.0029769999999987,0.0450225999999999,-0.0076187999999994,0.1716702000000007,-0.0008118,0,sub_13
-0.0133924000000003,-0.0023845999999987,0.0491279999999999,-0.0026837999999994,0.1735504000000007,0.0035217999999999,0,sub_13
-0.0281996000000003,-0.0031395999999987,0.0515465999999999,-0.0048235999999994,0.1618446000000007,0.0016277999999999,0,sub_13
-0.0299256000000003,0.0009680000000012,0.0535253999999999,-0.0106213999999994,0.1367554000000007,-0.0068976,0,sub_13
-0.0277706000000003,0.0031386000000012,0.0542647999999999,-0.0243005999999994,0.1155254000000007,-0.0146286,0,sub_13
-0.0195618000000003,0.0023458000000012,0.0520723999999999,-0.0334701999999994,0.1036420000000007,-0.019349,0,sub_13
-0.0126700000000003,0.0020166000000012,0.0500571999999999,-0.0332587999999994,0.1038516000000008,-0.0187068,0,sub_13
-0.0070090000000003,0.0040866000000012,0.0494443999999999,-0.0294199999999994,0.1089292000000008,-0.0131318,0,sub_13
-0.0085614000000003,0.0039990000000012,0.0503637999999999,-0.0222485999999994,0.1001296000000007,-0.0032428,0,sub_13
-0.0137206000000003,0.0075034000000012,0.0527105999999999,-0.0144569999999994,0.0791644000000007,0.0099161999999999,0,sub_13
-0.0250306000000003,0.0075420000000012,0.0546329999999999,-0.0132779999999994,0.0571632000000007,0.0215347999999999,0,sub_13
-0.0365870000000003,0.0040628000000013,0.0526511999999999,-0.0124749999999994,0.0362696000000007,0.0228941999999999,0,sub_13
-0.0472108000000003,0.0038292000000013,0.0535529999999999,-0.0091257999999994,0.0087760000000007,0.0208617999999999,0,sub_13
-0.0583368000000003,0.0035652000000013,0.0538689999999999,-0.0153295999999994,-0.0099405999999992,0.0166147999999999,0,sub_13
-0.0649370000000003,0.0007990000000012,0.0523847999999999,-0.0198429999999994,-0.0299007999999992,0.0037899999999999,0,sub_13
-0.0613398000000003,0.0001608000000012,0.0535845999999999,-0.0152101999999995,-0.0594677999999992,-0.0121632,0,sub_13
-0.0512006000000003,0.0061232000000013,0.0584947999999999,-0.0177009999999995,-0.1001177999999992,-0.0208878,0,sub_13
-0.0410592000000003,0.0077682000000012,0.0589451999999999,-0.0293621999999995,-0.1352141999999992,-0.0251972,0,sub_13
-0.0207162000000003,0.0067478000000013,0.0546857999999999,-0.0312869999999995,-0.1567437999999992,-0.0267808,0,sub_13
0.0009047999999996,0.0053826000000013,0.0539751999999999,-0.0276075999999995,-0.1614787999999992,-0.0240738,0,sub_13
0.0186265999999996,0.0058682000000013,0.0553949999999999,-0.0313405999999994,-0.1493743999999991,-0.0169538,0,sub_13
0.0263687999999996,0.0021952000000013,0.0533803999999999,-0.0341721999999994,-0.1276813999999992,-0.010908,0,sub_13
0.0294317999999996,0.0019150000000013,0.0488811999999999,-0.0314379999999994,-0.0998377999999992,-0.0026948,0,sub_13
0.0215145999999995,-0.0003835999999986,0.0466313999999999,-0.0270755999999994,-0.0743041999999992,0.0017893999999999,0,sub_13
0.0153231999999995,-0.0024909999999986,0.0456967999999999,-0.0176189999999994,-0.0564515999999992,0.0046097999999999,0,sub_13
0.0076473999999996,-0.0026093999999986,0.0456469999999999,-0.0105373999999995,-0.0460423999999992,0.0061413999999999,0,sub_13
0.0067499999999996,-0.0024259999999986,0.0463041999999999,-0.0061531999999995,-0.0441679999999992,0.0045693999999999,0,sub_13
0.0114509999999996,-0.0057733999999986,0.0497155999999999,-0.0054211999999995,-0.0490933999999992,0.0016987999999999,0,sub_13
0.0166833999999996,-0.0051697999999986,0.0533209999999999,-0.0093547999999995,-0.0480353999999992,-0.0016394,0,sub_13
0.0192749999999996,-0.0049223999999986,0.0531627999999999,-0.0166591999999995,-0.0403487999999992,-0.0080005999999999,0,sub_13
0.0226319999999996,-0.0056759999999986,0.0496081999999999,-0.0207503999999994,-0.0307525999999992,-0.0151963999999999,0,sub_13
0.0225537999999996,-0.0081423999999986,0.0453845999999999,-0.0189819999999994,-0.0186085999999991,-0.0166951999999999,0,sub_13
0.0224823999999996,-0.0088749999999987,0.0421585999999999,-0.0080777999999994,-0.0169293999999991,-0.0198259999999999,0,sub_13
0.0236253999999996,-0.0053975999999987,0.0455583999999999,0.0010292000000005,-0.0310271999999991,-0.0186759999999999,0,sub_13
0.0188455999999996,-0.0024463999999987,0.0461649999999999,-0.0039491999999994,-0.0423197999999991,-0.0142098,0,sub_13
0.0154363999999996,-0.0017621999999986,0.0440425999999999,-0.0048419999999995,-0.0465957999999991,-0.009724,0,sub_13
0.0157069999999996,-0.0026265999999986,0.0428249999999999,-0.0005965999999995,-0.0476911999999991,-0.0058472,0,sub_13
0.0158511999999996,-0.0038717999999986,0.0437117999999999,0.0045204000000004,-0.0443173999999991,-0.0015428,0,sub_13
0.0165813999999996,-0.0061613999999986,0.0427939999999999,0.0096462000000004,-0.0419967999999991,-0.0002282,0,sub_13
0.0214483999999996,-0.0039901999999986,0.0458999999999999,0.0113608000000004,-0.0392373999999992,0.0008485999999999,0,sub_13
0.0216961999999996,-0.0030491999999987,0.0449031999999999,0.0099054000000005,-0.0321953999999992,-0.000666,0,sub_13
0.0200373999999996,0.0004060000000012,0.0431501999999998,0.0089008000000005,-0.0223749999999992,-0.004745,0,sub_13
0.0160695999999996,0.0003228000000012,0.0393095999999999,0.0072476000000005,-0.0153185999999992,-0.0096794,0,sub_13
0.0133553999999996,0.0012478000000012,0.0331759999999999,0.0051922000000005,-0.0110361999999992,-0.0096582,0,sub_13
0.0103887999999996,-0.0005975999999987,0.0268199999999999,0.0088566000000005,-0.0176325999999992,-0.0112924,0,sub_13
0.0133307999999996,-0.0023761999999987,0.0285815999999999,0.0101442000000005,-0.0299767999999992,-0.0120812,0,sub_13
0.0162111999999996,-0.0035515999999987,0.0314541999999999,0.0095382000000005,-0.0363487999999992,-0.0128908,0,sub_13
0.0155385999999996,0.0019604000000012,0.0356483999999999,0.0051404000000005,-0.0305685999999992,-0.0124606,0,sub_13
0.0116763999999996,0.0026860000000012,0.0381305999999999,-0.0009515999999994,-0.0153953999999992,-0.0187182,0,sub_13
0.0097443999999996,0.0022708000000012,0.0390591999999999,-0.0036353999999994,-0.0004515999999992,-0.0238836,0,sub_13
0.0052069999999996,0.0013106000000012,0.0366309999999999,-0.0057181999999994,0.0066036000000007,-0.02818,0,sub_13
0.0050041999999996,0.0023300000000012,0.0344237999999999,-0.0070913999999994,0.0019730000000007,-0.0304776,0,sub_13
0.0110653999999996,0.0021900000000012,0.0329821999999999,-0.0050917999999994,-0.0073745999999992,-0.0282592,0,sub_13
0.0162357999999996,0.0002362000000012,0.0341393999999999,-0.0037303999999994,-0.0143841999999992,-0.0241254,0,sub_13
0.0151357999999996,-0.0002405999999987,0.0339787999999999,-0.0031869999999994,-0.0149931999999992,-0.0215008,0,sub_13
0.0160301999999995,0.0023906000000012,0.0350813999999999,-0.0015289999999995,-0.0074995999999992,-0.0214428,0,sub_13
0.0150859999999995,0.0022136000000012,0.0343535999999999,-0.0012705999999995,0.0037862000000007,-0.0201736,0,sub_13
0.0167859999999996,-8.49999999987209e-05,0.0336029999999999,-0.0029325999999995,0.0142302000000007,-0.0197712,0,sub_13
0.0197743999999996,0.0003830000000012,0.0349149999999999,-0.0004273999999995,0.0246918000000007,-0.0152378,0,sub_13
0.0255249999999996,-0.0002895999999987,0.0397033999999999,0.0027276000000004,0.0398280000000007,-0.0081422,0,sub_13
0.0235745999999996,-0.0016909999999987,0.0402823999999999,0.0031156000000005,0.0554042000000007,-0.0021346,0,sub_13
0.0230149999999996,-0.0009777999999987,0.0409347999999999,0.0041254000000005,0.0648082000000007,0.0017487999999999,0,sub_13
0.0176449999999996,0.0005654000000012,0.0399397999999999,0.0034320000000005,0.0735848000000007,0.0041255999999999,0,sub_13
0.0158513999999996,0.0037856000000012,0.0354539999999998,-0.0005741999999994,0.0808564000000007,0.0006699999999999,0,sub_13
0.0156847999999996,0.0026240000000012,0.0312387999999999,-0.0068957999999994,0.0909230000000007,-0.0070782,0,sub_13
0.0211041999999996,0.0006080000000012,0.0313487999999999,-0.0097689999999994,0.1086476000000007,-0.0148122,0,sub_13
0.0213159999999996,0.0005838000000012,0.0344245999999999,-0.0121139999999994,0.1336940000000007,-0.0150218,0,sub_13
0.0089691999999996,-0.0021545999999987,0.0314593999999999,-0.0136085999999994,0.1610690000000007,-0.0122376,0,sub_13
-0.0089042000000003,-0.0075053999999987,0.0295211999999999,-0.0027781999999994,0.1781698000000007,-0.0082858,0,sub_13
-0.0271624000000003,-0.0087867999999987,0.0346837999999999,0.0128082000000005,0.1626522000000007,-0.0031908,0,sub_13
-0.0374244000000003,-0.0042493999999987,0.0427463999999999,0.0203512000000005,0.1168976000000007,0.0046641999999999,0,sub_13
-0.0453506000000003,-0.0034019999999987,0.0478345999999999,0.0181374000000005,0.0580762000000007,0.0111333999999999,0,sub_13
-0.0383346000000003,0.0004248000000012,0.0581099999999999,0.0212302000000005,-0.0056691999999991,0.0189279999999999,0,sub_13
-0.0324636000000003,0.0040444000000012,0.0688775999999999,0.0222468000000005,-0.0561995999999991,0.0271183999999999,0,sub_13
-0.0259498000000003,0.0084790000000012,0.0734489999999999,0.0148608000000005,-0.0845137999999991,0.0279575999999999,0,sub_13
-0.0223260000000003,0.0081674000000012,0.0726307999999999,0.0046528000000005,-0.0945295999999991,0.0215357999999999,0,sub_13
-0.0098578000000003,0.0074304000000012,0.0685645999999999,0.0039176000000005,-0.0932567999999991,0.0076881999999999,0,sub_13
0.0064383999999996,0.0076840000000012,0.0661085999999999,3.4600000000507834e-05,-0.0796179999999992,-0.0055564,0,sub_13
0.0191185999999996,0.0042358000000012,0.0617153999999999,-0.0110263999999994,-0.0510315999999992,-0.0210066,0,sub_13
0.0247603999999996,-0.0002945999999986,0.0525663999999999,-0.0120455999999995,-0.0141925999999992,-0.031056,0,sub_13
0.0258195999999996,-0.0027235999999986,0.0464121999999999,-0.0084647999999995,0.0194714000000007,-0.0344924,0,sub_13
0.0208767999999996,-0.0031397999999986,0.0426921999999999,-0.0060619999999994,0.0390352000000007,-0.0272367999999999,0,sub_13
0.0007799999999996,-0.0082121999999986,0.0375163999999999,0.0031058000000005,0.0422846000000008,-0.0157808,0,sub_13
-0.0178694000000003,-0.0096895999999986,0.0335785999999999,0.0206704000000005,0.0199174000000008,0.0008939999999999,0,sub_13
-0.0305934000000003,-0.0080497999999986,0.0364883999999999,0.0361890000000005,-0.0282309999999992,0.0197239999999999,0,sub_13
-0.0426132000000003,-0.0036917999999986,0.0444473999999999,0.0479988000000005,-0.0925663999999992,0.0404717999999999,0,sub_13
-0.0562254000000003,-0.0019693999999986,0.0531949999999999,0.0530028000000005,-0.1596169999999991,0.0534843999999999,0,sub_13
-0.0609424000000003,5.080000000131945e-05,0.0609175999999999,0.0492696000000005,-0.2330981999999991,0.0509887999999999,0,sub_13
-0.0582844000000003,0.0056380000000013,0.0673065999999999,0.0342832000000005,-0.3060659999999991,0.0364497999999999,0,sub_13
-0.0505392000000003,0.0108362000000012,0.0707533999999999,0.0153512000000005,-0.3647057999999991,0.0120371999999999,0,sub_13
-0.0372018000000003,0.0093310000000013,0.0699427999999999,-0.0004341999999994,-0.3987743999999991,-0.0187102,0,sub_13
-0.0223518000000003,0.0103462000000013,0.0670071999999999,-0.0214523999999994,-0.4117259999999991,-0.0510167999999999,0,sub_13
0.0017311999999996,0.0084720000000013,0.0532563999999999,-0.0433449999999994,-0.4208737999999991,-0.0747883999999999,0,sub_13
0.0233117999999996,0.0032840000000012,0.0431661999999999,-0.0435081999999994,-0.4237623999999991,-0.0843157999999999,0,sub_13
0.0385845999999996,-0.0023489999999987,0.0358387999999999,-0.0404937999999994,-0.4164969999999991,-0.0784515999999999,0,sub_13
0.0450055999999996,-0.0038393999999986,0.0269367999999999,-0.0326429999999994,-0.4131685999999991,-0.065155,0,sub_13
0.0515295999999996,-0.0086989999999986,0.0196223999999999,-0.0118245999999994,-0.4148089999999992,-0.045993,0,sub_13
0.0486945999999996,-0.0101845999999987,0.0250007999999999,0.0160734000000005,-0.4083761999999992,-0.0272194,0,sub_13
0.0434853999999996,-0.0068147999999987,0.0320567999999999,0.0279982000000005,-0.4001633999999991,-0.0134734,0,sub_13
0.0364283999999996,-0.0037813999999986,0.0349961999999999,0.0331170000000005,-0.3933855999999991,-0.0020546,0,sub_13
0.0319431999999996,-0.0035471999999987,0.0346347999999999,0.0295324000000005,-0.3778369999999992,0.0080101999999999,0,sub_13
0.0250675999999996,-0.0029389999999986,0.0320481999999999,0.0283162000000005,-0.3610045999999992,0.0146715999999999,0,sub_13
0.0213629999999996,-0.0014221999999986,0.0303979999999999,0.0305130000000005,-0.3456703999999991,0.0200769999999999,0,sub_13
0.0184469999999996,-0.0030617999999986,0.0273413999999999,0.0320390000000004,-0.3371517999999991,0.0254865999999999,0,sub_13
0.0197759999999995,-0.0033551999999986,0.0253367999999999,0.0318208000000004,-0.3369431999999991,0.0267667999999999,0,sub_13
0.0221509999999995,-0.0019085999999986,0.0266645999999999,0.0350138000000004,-0.3395075999999991,0.0259377999999999,0,sub_13
0.0259325999999995,-0.0004597999999986,0.0310325999999999,0.0348314000000004,-0.3334727999999992,0.0223217999999999,0,sub_13
0.0269577999999996,-8.859999999869962e-05,0.0341801999999999,0.0261640000000004,-0.3186635999999992,0.0162851999999999,0,sub_13
0.0276875999999996,-0.0008861999999986,0.0329277999999999,0.0149888000000005,-0.2936127999999992,0.0087221999999999,0,sub_13
0.0304029999999996,-0.0027415999999986,0.0298373999999999,0.0131838000000005,-0.2705207999999992,0.0033637999999999,0,sub_13
0.0370521999999996,-0.0043915999999986,0.0304981999999999,0.0160010000000005,-0.2579069999999991,0.0036059999999999,0,sub_13
0.0416603999999996,-0.0030321999999986,0.0328753999999999,0.0130570000000005,-0.2461869999999992,0.0057067999999999,0,sub_13
0.0458165999999996,-0.0022363999999986,0.0326785999999999,0.0105712000000005,-0.2272255999999992,0.0080151999999999,0,sub_13
0.0491807999999996,-0.0011637999999986,0.0351963999999999,0.0140792000000005,-0.2040239999999991,0.0103601999999999,0,sub_13
0.0499197999999996,0.0009734000000013,0.0426917999999999,0.0174236000000005,-0.1741991999999992,0.0082087999999999,0,sub_13
0.0470913999999996,0.0041856000000013,0.0507029999999999,0.0114574000000005,-0.1355723999999992,-0.0025646,0,sub_13
0.0469831999999996,0.0085506000000013,0.0562201999999999,0.0040166000000005,-0.0986209999999992,-0.0193282,0,sub_13
0.0425661999999996,0.0122582000000012,0.0595377999999999,-0.0087757999999994,-0.0646369999999992,-0.0352708,0,sub_13
0.0344807999999996,0.0111084000000013,0.0537581999999999,-0.0296503999999994,-0.0263577999999991,-0.052771,0,sub_13
0.0301083999999996,0.0074626000000013,0.0444217999999999,-0.0460911999999994,0.0052858000000008,-0.066386,0,sub_13
0.0245395999999995,0.0007354000000013,0.0344433999999999,-0.0496293999999994,0.0212928000000008,-0.0702768,0,sub_13
0.0123957999999995,-0.0024465999999986,0.0292879999999999,-0.0430579999999994,0.0212314000000007,-0.0606168,0,sub_13
0.0040305999999995,-0.0031277999999986,0.0283257999999999,-0.0305877999999994,0.0125936000000007,-0.0425726,0,sub_13
-0.0031032000000004,-0.0032087999999986,0.0294661999999999,-0.0139039999999994,-0.0026849999999992,-0.0191492,0,sub_13
-0.0091948000000003,-0.0068521999999986,0.0315895999999999,0.0111216000000005,-0.0128819999999992,0.0049667999999999,0,sub_13
-0.0132494000000003,-0.0058089999999987,0.0343785999999999,0.0443042000000004,-0.0128781999999991,0.0284857999999999,0,sub_13
-0.0128108000000003,-0.0084839999999987,0.0390159999999999,0.0703116000000005,0.0018634000000008,0.0489447999999999,0,sub_13
-0.0111710000000003,-0.0063695999999987,0.0418917999999999,0.0838164000000004,0.0258506000000008,0.0592633999999999,0,sub_13
-0.0034580000000003,-0.0013167999999987,0.0493147999999999,0.0939648000000004,0.0522350000000007,0.0590867999999999,0,sub_13
0.0064823999999996,0.0041436000000012,0.0533429999999999,0.0872960000000005,0.0846550000000007,0.0560077999999999,0,sub_13
0.0139467999999996,0.0073492000000012,0.0536161999999999,0.0699594000000005,0.1141422000000007,0.0496531999999999,0,sub_13
0.0175335999999996,0.0119604000000012,0.0489665999999999,0.0543366000000004,0.1415074000000007,0.0396813999999999,0,sub_13
0.0157105999999996,0.0105554000000012,0.0470165999999999,0.0470094000000004,0.1605446000000008,0.0272143999999999,0,sub_13
0.0158059999999996,0.0047210000000012,0.0470035999999999,0.0426310000000004,0.1723226000000008,0.0160593999999999,0,sub_13
0.0112155999999996,0.0069548000000012,0.0517475999999999,0.0375876000000004,0.1762290000000008,0.0025595999999999,0,sub_13
0.0077273999999996,0.0111496000000012,0.0571345999999999,0.0250974000000005,0.1856976000000008,-0.0101448,0,sub_13
0.0063243999999996,0.0100818000000012,0.0600999999999999,0.0113548000000005,0.2045322000000008,-0.0196654,0,sub_13
0.0064253999999996,0.0053444000000012,0.0572209999999999,0.0086942000000005,0.2254380000000008,-0.0239836,0,sub_13
0.0016755999999996,0.0064764000000012,0.0540263999999999,0.0081318000000005,0.2435462000000007,-0.0231562,0,sub_13
-0.0020546000000003,0.0050562000000013,0.0488283999999999,0.0079502000000005,0.2531242000000008,-0.020606,0,sub_13
-0.0056256000000003,0.0011842000000012,0.0413817999999999,0.0062202000000005,0.2526854000000008,-0.0159174,0,sub_13
-0.0089634000000003,-0.0032873999999987,0.0308471999999999,0.0071902000000005,0.2356196000000007,-0.0114022,0,sub_13
-0.0094424000000003,-0.0033653999999987,0.0257787999999999,0.0110860000000005,0.2063934000000008,-0.0053554,0,sub_13
-0.0097672000000003,-0.0027875999999987,0.0245185999999999,0.0160162000000004,0.1709806000000008,0.0017745999999999,0,sub_13
-0.0102130000000003,-0.0002225999999987,0.0263065999999999,0.0205224000000004,0.1349352000000008,0.0076205999999999,0,sub_13
-0.0091660000000003,0.0037376000000012,0.0308049999999999,0.0237648000000004,0.1003942000000008,0.0113193999999999,0,sub_13
-0.0079046000000003,0.0057770000000012,0.0339969999999999,0.0234330000000005,0.0720390000000008,0.0124463999999999,0,sub_13
0.0013467999999996,0.0046540000000012,0.0390205999999999,0.0237864000000005,0.0507244000000008,0.0105779999999999,0,sub_13
0.0132821999999996,0.0027094000000012,0.0437765999999999,0.0301392000000005,0.0362014000000008,0.0100247999999999,0,sub_13
0.0243757999999996,0.0005840000000012,0.0485603999999999,0.0327068000000005,0.0393540000000008,0.0147635999999999,0,sub_13
0.0312391999999995,-0.0015997999999987,0.0494401999999999,0.0295796000000005,0.0570150000000008,0.0192305999999999,0,sub_13
0.0381905999999995,-0.0063189999999987,0.0493033999999999,0.0240896000000005,0.0746982000000008,0.0240833999999999,0,sub_13
0.0366055999999995,-0.0092955999999987,0.0444769999999999,0.0154084000000005,0.0940986000000007,0.0284845999999999,0,sub_13
0.0371119999999996,-0.0076823999999987,0.0373387999999999,0.0071606000000005,0.1156256000000007,0.0335269999999999,0,sub_13
0.0349475999999995,-0.0077513999999987,0.0275773999999999,0.0041984000000005,0.1245706000000007,0.0369131999999999,0,sub_13
0.0332769999999996,-0.0075843999999987,0.0215919999999999,0.0135388000000005,0.1160072000000007,0.0391257999999999,0,sub_13
0.0309603999999996,-2.639999999872085e-05,0.0230329999999999,0.0220382000000005,0.1055480000000007,0.0366349999999999,0,sub_13
0.0383957999999996,0.0031364000000012,0.0218837999999999,0.0222362000000005,0.0972578000000007,0.0317329999999999,0,sub_13
0.0412681999999996,0.0010126000000012,0.0196283999999999,0.0177304000000005,0.0885512000000008,0.0285079999999999,0,sub_13
0.0463113999999996,-0.0021821999999987,0.0198927999999999,0.0255934000000005,0.0812806000000007,0.0283585999999999,0,sub_13
0.0512167999999996,-0.0034711999999987,0.0272695999999999,0.0347732000000005,0.0852846000000008,0.0314085999999999,0,sub_13
0.0573495999999996,-0.0056825999999987,0.0338789999999999,0.0356582000000004,0.0995272000000007,0.0386603999999999,0,sub_13
0.0478471999999996,-0.0021035999999987,0.0404083999999999,0.0288696000000004,0.1171986000000007,0.0475633999999999,0,sub_13
0.0341941999999996,-0.0023471999999987,0.0428317999999999,0.0263312000000004,0.1244418000000007,0.0498863999999999,0,sub_13
0.0202923999999996,-0.0001499999999986,0.0455033999999999,0.0173726000000004,0.1227780000000007,0.0474757999999999,0,sub_13
0.0108763999999996,0.0023510000000013,0.0446187999999999,-0.0031503999999995,0.1064752000000008,0.0396621999999999,0,sub_13
0.0073101999999996,0.0019672000000013,0.0366051999999999,-0.0188365999999995,0.0752818000000007,0.0304065999999999,0,sub_13
0.0105337999999996,-0.0010711999999986,0.0293197999999999,-0.0213337999999994,0.0382770000000007,0.0244551999999999,0,sub_13
0.0186301999999996,-0.0016129999999986,0.0255233999999999,-0.0184795999999995,0.0084836000000007,0.0219501999999999,0,sub_13
0.0275013999999996,-0.0025883999999987,0.0292785999999999,-0.0206965999999995,-0.0104251999999991,0.0191821999999999,0,sub_13
0.0353841999999996,-0.0049311999999987,0.0306271999999999,-0.0224321999999995,-0.0167671999999991,0.0168285999999999,0,sub_13
0.0371289999999996,-0.0036607999999987,0.0359813999999999,-0.0234913999999995,-0.0144223999999992,0.0174589999999999,0,sub_13
0.0315321999999996,0.0004842000000012,0.0364677999999999,-0.0281357999999995,-0.0075713999999992,0.0131449999999999,0,sub_13
0.0292587999999996,0.0034048000000012,0.0377839999999999,-0.0365997999999995,0.0014340000000007,0.0062377999999999,0,sub_13
0.0309503999999996,-0.0003155999999987,0.0315007999999999,-0.0389333999999994,0.0035760000000007,0.0053641999999999,0,sub_13
0.0315277999999996,-0.0009309999999987,0.0276635999999999,-0.0318549999999995,-0.0017093999999992,0.0069233999999999,0,sub_13
0.0308997999999996,-0.0013809999999987,0.0275881999999999,-0.0222179999999994,-0.0093395999999991,0.0065805999999999,0,sub_13
0.0311289999999996,-0.0012015999999987,0.0338897999999999,-0.0198405999999994,-0.0173729999999991,0.0068283999999999,0,sub_13
0.0280015999999996,-0.0002289999999987,0.0405315999999999,-0.0293945999999994,-0.0257737999999991,0.0027203999999999,0,sub_13
0.0210137999999996,0.0042500000000013,0.0448615999999999,-0.0423195999999994,-0.0307289999999991,-0.0076112,0,sub_13
0.0160671999999996,0.0046646000000012,0.0512795999999999,-0.0536091999999994,-0.0355529999999991,-0.0168706,0,sub_13
0.0118021999999996,0.0023596000000012,0.0588331999999999,-0.0616961999999995,-0.0367791999999991,-0.0229076,0,sub_13
